name,nation,cls,ab_br,rb_br,sb_br
A-29,China,Aviation,2.3,2.0,2.0
A5M4,Japan,Aviation,1.3,1.3,1.3
A7He1,Japan,Aviation,2.3,2.0,2.3
Ar-2,USSR,Aviation,2.7,2.3,2.7
B-10B,USA,Aviation,1.7,1.3,1.7
B-18A,USA,Aviation,2.0,1.3,1.7
B.R.20M_M1,Italy,Aviation,1.7,1.7,1.7
B17B,Sweden,Aviation,1.3,1.3,1.3
B3C,Sweden,Aviation,1.3,1.3,1.3
Ba.65_(K.14)_L,Italy,Aviation,1.0,1.0,1.0
BB-1,USSR,Aviation,1.7,1.3,1.7
Beaufort_Mk_VIII,Britain,Aviation,2.0,2.0,2.3
Blenheim_Mk_IV,Britain,Aviation,2.0,2.0,1.7
BR.20_DR,Italy,Aviation,1.7,1.7,1.7
Br.693AB2,France,Aviation,1.7,1.7,1.7
C.200_serie_3,Italy,Aviation,1.7,1.7,2.0
C.200_serie_3_(Germany),Germany,Aviation,1.7,1.7,2.0
C.200_serie_7,Italy,Aviation,1.7,2.0,2.0
C.200_serie_7_(Germany),Germany,Aviation,1.7,2.0,2.0
C.202_(Germany),Germany,Aviation,2.3,2.3,2.3
C.R.714,France,Aviation,1.3,1.3,1.3
Catalina_Mk_IIIa_(Great_Britain),Britain,Aviation,2.0,1.7,2.0
CR.32,Italy,Aviation,1.0,1.0,1.0
CR.32_bis,Italy,Aviation,1.3,1.3,1.3
CR.32_quater,Italy,Aviation,1.0,1.0,1.0
CR.42,Italy,Aviation,1.3,1.3,1.3
CR.42_(Germany),Germany,Aviation,1.3,1.3,1.3
CW-21,China,Aviation,1.7,2.0,1.7
D.371,France,Aviation,1.0,1.0,1.0
D.371_H.S.9,France,Aviation,1.3,1.3,1.3
D.373,France,Aviation,1.0,1.0,1.0
D.500,France,Aviation,1.0,1.0,1.0
D.501,France,Aviation,1.3,1.3,1.3
D3A1,Japan,Aviation,1.3,1.3,1.3
Do_17_E-1,Germany,Aviation,1.3,1.3,1.3
Do_17_Z-2,Germany,Aviation,1.7,1.7,1.7
Do_17_Z-7,Germany,Aviation,1.7,1.3,1.3
Do_217_J-1,Germany,Aviation,2.7,2.7,3.0
Do_217_J-2,Germany,Aviation,3.0,2.7,3.0
F.222.2,France,Aviation,1.3,1.3,1.3
F1M2,Japan,Aviation,1.0,1.0,1.0
F2A-1,USA,Aviation,2.0,2.3,2.3
F2A-3,USA,Aviation,2.7,2.7,2.3
F3F-2,USA,Aviation,1.7,1.3,1.3
Flegel%27s_Bf_109_A,Germany,Aviation,1.3,1.3,1.3
Fury_Mk_I,Britain,Aviation,1.0,1.0,1.0
Fury_Mk_II,Britain,Aviation,1.0,1.0,1.0
Fw_189_A-1,Germany,Aviation,1.7,1.7,1.7
G.50_AS_serie_7,Italy,Aviation,1.7,1.7,2.0
G.50_AS_serie_7_(Germany),Germany,Aviation,1.7,1.7,2.0
G.50_serie_2,Italy,Aviation,1.7,1.7,2.0
G.50_serie_2_(Germany),Germany,Aviation,1.7,1.7,2.0
Galer%27s_F3F-2,USA,Aviation,1.7,1.3,1.3
Gladiator_Mk_I_(China),China,Aviation,1.0,1.0,1.0
Gladiator_Mk_II,Britain,Aviation,1.3,1.3,1.3
Gladiator_Mk_IIF,Britain,Aviation,1.3,1.3,1.3
Gladiator_Mk_IIS,Britain,Aviation,1.3,1.3,1.3
H-75A-1,France,Aviation,1.3,1.7,1.7
H-75A-4,France,Aviation,1.7,2.0,2.0
H6K4,Japan,Aviation,2.0,2.0,2.3
H8K2,Japan,Aviation,3.3,3.3,3.7
Hagiri%27s_A5M4,Japan,Aviation,1.3,1.3,1.3
Hampden_Mk_I,Britain,Aviation,1.7,1.7,1.7
Hampden_TB_Mk_I,Britain,Aviation,1.7,1.7,1.7
Hampden_TB_Mk_I_(USSR),USSR,Aviation,1.7,1.7,2.0
Havoc_Mk_I_(Great_Britain),Britain,Aviation,2.0,2.0,2.3
Hawk_H-75A-2_(Germany),Germany,Aviation,1.7,2.0,2.0
Hawk_III,China,Aviation,1.3,1.3,1.3
He_111_H-3,Germany,Aviation,1.7,1.7,2.3
He_112_A-0,Germany,Aviation,1.7,1.3,2.3
He_112_B-0,Germany,Aviation,2.3,2.0,2.3
He_112_B-1/U2,Germany,Aviation,2.3,2.3,2.3
He_112_B-2/U2,Germany,Aviation,2.3,2.3,2.3
He_112_V-5,Germany,Aviation,1.3,1.3,1.7
He_51_A-1,Germany,Aviation,1.0,1.0,1.0
He_51_B-1,Germany,Aviation,1.0,1.0,1.0
He_51_B-2/H,Germany,Aviation,1.0,1.0,1.0
He_51_C-1,Germany,Aviation,1.0,1.0,1.0
He_51_C-1/L,Germany,Aviation,1.0,1.0,1.0
Hs_123_A-1,Germany,Aviation,1.3,1.3,1.3
Hs_123_A-1_(China),China,Aviation,1.3,1.3,1.3
Hurricane_Mk_I/L,Britain,Aviation,2.7,2.3,2.0
I-15_M-22,USSR,Aviation,1.0,1.0,1.0
I-15_WR,USSR,Aviation,1.0,1.0,1.0
I-153_M-62,USSR,Aviation,1.7,2.0,2.0
I-153_M-62_(China),China,Aviation,1.7,2.0,2.0
I-15bis,USSR,Aviation,1.0,1.0,1.0
I-15bis_(China),China,Aviation,1.0,1.0,1.0
I-15R,USSR,Aviation,1.0,1.0,1.0
I-16_Chung_28,China,Aviation,1.3,1.3,1.3
I-16_type_10,USSR,Aviation,1.7,1.7,1.7
I-16_type_10_(China),China,Aviation,1.7,1.7,1.7
I-16_type_18,USSR,Aviation,2.0,2.0,2.0
I-16_type_24,USSR,Aviation,2.0,2.3,2.7
I-16_type_5,USSR,Aviation,1.3,1.3,1.3
I-16_type_5_(China),China,Aviation,1.3,1.3,1.3
I-29,USSR,Aviation,2.7,2.7,2.3
Iacobi%27s_J8A,Sweden,Aviation,1.3,1.0,1.3
J11,Sweden,Aviation,1.3,1.3,1.3
J1N1,Japan,Aviation,1.7,2.0,2.3
J6B,Sweden,Aviation,1.0,1.0,1.0
J8A,Sweden,Aviation,1.0,1.0,1.0
Ju_87_B-2,Germany,Aviation,1.7,1.7,1.3
Ju_87_R-2,Germany,Aviation,1.7,1.7,1.7
Ju_87_R-2_(Italy),Italy,Aviation,1.7,1.7,1.7
Ju_88_A-1,Germany,Aviation,2.7,2.0,2.7
Ju_88_A-4,Germany,Aviation,2.7,2.3,2.7
Ju_88_C-6,Germany,Aviation,2.7,2.7,2.7
Ki-10-I,Japan,Aviation,1.0,1.0,1.0
Ki-10-I_C,Japan,Aviation,1.0,1.0,1.0
Ki-10-II,Japan,Aviation,1.0,1.0,1.0
Ki-10-II_C,Japan,Aviation,1.0,1.0,1.0
Ki-21-I_hei,Japan,Aviation,2.0,1.7,1.7
Ki-21-Ia,Japan,Aviation,2.0,1.7,1.7
Ki-27_otsu,Japan,Aviation,1.3,1.3,1.3
Ki-27_otsu_(China),China,Aviation,1.3,1.3,1.3
Ki-32,Japan,Aviation,1.3,1.3,1.3
Ki-45_ko,Japan,Aviation,2.0,2.3,2.7
LaGG-3-11,USSR,Aviation,2.3,2.0,2.0
LaGG-3-23,USSR,Aviation,2.3,2.3,2.3
LaGG-3-4,USSR,Aviation,2.3,2.3,2.0
LaGG-3-8,USSR,Aviation,2.3,2.0,1.7
M.S.405C1,France,Aviation,1.7,1.7,1.7
M.S.406C1,France,Aviation,2.0,2.0,2.0
Marcolin%27s_C.R.42_CN,Italy,Aviation,1.3,1.3,1.3
Marcolin%27s_C.R.42_CN_(Germany),Germany,Aviation,1.3,1.3,1.3
Martin_139WC,China,Aviation,1.7,1.3,1.7
Martin_167-A3,France,Aviation,2.3,2.3,2.3
MBR-2-M-34,USSR,Aviation,1.0,1.0,1.0
N.C.223.3,France,Aviation,2.3,2.3,2.3
Nimrod_Mk_I,Britain,Aviation,1.0,1.0,1.0
Nimrod_Mk_II,Britain,Aviation,1.0,1.0,1.0
OS2U-1,USA,Aviation,1.0,1.0,1.0
OS2U-3,USA,Aviation,1.0,1.0,1.0
P-26A-33,USA,Aviation,1.0,1.0,1.0
P-26A-34,USA,Aviation,1.0,1.0,1.0
P-26A-34_M2,USA,Aviation,1.0,1.0,1.3
P-26B-35,USA,Aviation,1.0,1.0,1.0
P-36A,USA,Aviation,1.7,1.3,1.7
P-36C,USA,Aviation,2.0,1.7,2.3
P-36G,USA,Aviation,2.3,2.3,2.7
Pallier%27s_D.510,France,Aviation,1.3,1.3,1.3
PBY-5_Catalina,USA,Aviation,2.0,1.7,2.0
PBY-5a_Catalina,USA,Aviation,2.0,1.7,2.0
PBY-5a_Catalina_(USSR),USSR,Aviation,1.7,1.7,2.0
Po-2,USSR,Aviation,1.0,1.0,1.0
Po-2_Night_Witch,USSR,Aviation,1.0,1.0,1.0
Potez_630,France,Aviation,1.7,1.7,1.7
Potez_633,France,Aviation,1.3,1.7,1.7
Rasmussen%27s_P-36A,USA,Aviation,1.3,1.3,1.7
Re.2000_G.A.,Italy,Aviation,2.0,2.0,2.0
Re.2000_serie_1,Italy,Aviation,2.0,2.0,2.0
Re.2002_Early,Italy,Aviation,2.3,2.3,2.3
S.81,Italy,Aviation,1.3,1.3,1.3
SB_2M-100,USSR,Aviation,1.7,1.7,1.7
SB_2M-103,USSR,Aviation,2.0,2.0,2.3
SB_2M-103_MV-3,USSR,Aviation,2.3,2.3,2.3
SB_2M-103U,USSR,Aviation,2.7,2.3,2.3
SB_2M-103U_MV-3,USSR,Aviation,2.7,2.3,2.3
SB_2M-105,USSR,Aviation,3.3,2.7,2.7
SB2U-2,USA,Aviation,1.3,1.3,1.3
SB2U-3,USA,Aviation,1.7,1.7,1.7
SBD-3,USA,Aviation,2.0,2.3,1.7
Sea_Gladiator_Mk_I,Britain,Aviation,1.0,1.0,1.0
Su-2_(M-82),USSR,Aviation,2.0,2.7,2.7
Su-2_MV-5,USSR,Aviation,1.7,1.7,2.0
Su-2_TSS-1,USSR,Aviation,1.7,2.0,1.7
Sunderland_Mk_IIIa,Britain,Aviation,2.0,1.7,1.7
Swordfish_Mk_I,Britain,Aviation,1.0,1.0,1.0
Tandem_MAI,USSR,Aviation,2.0,2.0,2.0
TB-3M-17-32,USSR,Aviation,1.3,1.3,1.3
TBD-1,USA,Aviation,1.7,1.3,1.7
Thach%27s_F2A-1,USA,Aviation,2.0,2.3,2.3
Tuck%27s_Gladiator_Mk_II,Britain,Aviation,1.3,1.0,1.3
V-156-B1,Britain,Aviation,1.3,1.3,1.3
V-156-F,France,Aviation,1.3,1.3,1.3
Wirraway_(Great_Britain),Britain,Aviation,1.3,1.3,1.3
Yak-1,USSR,Aviation,2.3,2.3,2.7
Yak-2_KABB,USSR,Aviation,2.3,2.3,2.7
Yak-4,USSR,Aviation,2.3,2.3,2.3
Zhukovsky%27s_I-153-M62,USSR,Aviation,1.7,2.0,2.0
A-20G-25,USA,Aviation,2.7,3.0,3.0
A-35B_(France),France,Aviation,3.3,3.0,3.3
A-36,USA,Aviation,2.7,3.0,2.7
A6M2,Japan,Aviation,3.7,3.3,3.3
A6M2_mod._11,Japan,Aviation,3.3,3.3,3.3
A6M2-N,Japan,Aviation,2.7,2.3,2.3
Avenger_Mk_II_(Great_Britain),Britain,Aviation,2.3,3.0,2.7
B-25J-1,USA,Aviation,3.7,4.0,3.7
B-34,USA,Aviation,2.7,2.7,2.7
B17A,Sweden,Aviation,2.0,2.0,2.0
B18A,Sweden,Aviation,2.0,2.0,2.0
B5N2,Japan,Aviation,1.3,1.7,2.3
Beaufighter_Mk_VIc,Britain,Aviation,3.0,3.0,3.3
Bf_109_B-1,Germany,Aviation,1.3,1.3,1.3
Bf_109_E-1,Germany,Aviation,1.7,2.3,2.0
Bf_109_E-3,Germany,Aviation,2.7,2.7,2.7
Bf_109_E-4,Germany,Aviation,3.0,3.0,3.0
Bf_109_E-7_(Japan),Japan,Aviation,3.0,3.0,2.7
Bf_109_E-7/U2,Germany,Aviation,2.7,3.0,2.7
Bf_109_F-1,Germany,Aviation,3.0,2.3,3.3
Bf_109_F-2,Germany,Aviation,3.0,3.3,3.0
Bf_110_C-6,Germany,Aviation,3.0,3.0,3.0
Bf_110_C-7,Germany,Aviation,3.0,3.0,3.0
Bf_110_F-2,Germany,Aviation,3.3,3.3,3.3
Bf_110_G-2,Germany,Aviation,3.7,3.7,3.7
Boomerang_Mk_I_(Great_Britain),Britain,Aviation,3.3,3.3,3.0
Boomerang_Mk_II_(Great_Britain),Britain,Aviation,3.3,3.3,3.3
Boston_Mk_I_(Great_Britain),Britain,Aviation,2.3,2.3,2.3
Breda_88_(P.XI),Italy,Aviation,2.0,1.7,2.0
BV_238,Germany,Aviation,3.7,3.3,4.0
C.202,Italy,Aviation,2.3,2.3,2.3
C.202EC,Italy,Aviation,3.0,3.3,3.0
Corsair_F_Mk_II_(Great_Britain),Britain,Aviation,2.7,2.7,3.3
D.520_(Great_Britain),Britain,Aviation,3.0,2.7,2.3
D.521_(Great_Britain),Britain,Aviation,3.3,2.7,2.7
D4Y1,Japan,Aviation,2.3,2.3,2.3
D4Y2,Japan,Aviation,2.7,2.7,2.7
D4Y3_Ko,Japan,Aviation,3.0,3.0,3.0
DB-3A_(China),China,Aviation,2.7,2.7,2.7
DB-3B,USSR,Aviation,2.7,2.7,2.7
DB-7_(Great_Britain),Britain,Aviation,2.3,2.3,2.3
F4F-3,USA,Aviation,2.7,2.7,3.0
F4F-4,USA,Aviation,3.0,2.7,3.0
F4U-1A,USA,Aviation,2.7,2.7,3.3
F4U-1A_(Japan),Japan,Aviation,2.7,2.7,3.3
F4U-1A_(USMC),USA,Aviation,3.0,3.3,3.3
F6F-5,USA,Aviation,3.0,3.7,3.7
Fw_190_A-1,Germany,Aviation,3.7,3.3,3.3
Fw_190_A-4,Germany,Aviation,4.3,4.3,4.0
Fw_200_C-1,Germany,Aviation,2.7,2.3,3.0
G4M1,Japan,Aviation,3.0,3.0,3.0
H-81A-2,China,Aviation,2.0,2.3,2.3
H8K3,Japan,Aviation,3.7,3.3,4.0
Halifax_B_Mk_IIIa,Britain,Aviation,4.0,4.0,4.3
He_100_D-1,Germany,Aviation,1.7,2.0,2.0
He_111_H-6,Germany,Aviation,2.7,2.7,2.7
Hudson_Mk_V_(Great_Britain),Britain,Aviation,2.3,2.0,2.0
Hurricane_Mk_IIB_(USSR),USSR,Aviation,3.0,3.0,3.0
Hurricane_Mk_IIB/Trop,Britain,Aviation,2.3,2.0,2.0
Hurricane_Mk_IV,Britain,Aviation,2.3,2.0,2.0
I-153P,USSR,Aviation,3.3,2.7,2.3
I-16_type_27,USSR,Aviation,3.3,2.7,2.7
I-16_type_28,USSR,Aviation,3.3,2.7,3.0
I-180S,USSR,Aviation,3.0,3.0,3.0
I-301,USSR,Aviation,3.3,3.0,3.0
IAR-81C,Italy,Aviation,2.7,2.7,2.7
IL-2_(1941),USSR,Aviation,2.7,2.3,2.3
IL-2_(1942),USSR,Aviation,3.0,3.0,2.7
IL-2_(1942)_(Germany),Germany,Aviation,3.0,3.0,2.7
IL-4,USSR,Aviation,3.0,3.0,3.0
J20,Sweden,Aviation,2.0,2.0,2.0
J22-A,Sweden,Aviation,2.0,2.0,2.0
J2M2,Japan,Aviation,3.7,4.3,3.7
Ju_87_D-3,Germany,Aviation,2.3,2.7,2.7
Ju_87_D-3_(Italy),Italy,Aviation,2.3,2.7,2.7
Ju_87_D-5,Germany,Aviation,3.7,3.3,3.3
Ju_87_G-1,Germany,Aviation,3.0,2.3,3.0
Ju_87_G-2,Germany,Aviation,3.3,2.7,3.0
Ki-100,Japan,Aviation,4.0,3.7,3.7
Ki-100-II,Japan,Aviation,3.7,3.7,3.7
Ki-43-I,Japan,Aviation,1.7,1.7,2.0
Ki-43-II,Japan,Aviation,1.7,2.0,2.7
Ki-43-II_(USA),USA,Aviation,1.7,2.0,2.3
Ki-43-III_ko_(China),China,Aviation,1.7,2.0,2.7
Ki-44-I,Japan,Aviation,2.0,2.3,2.0
Ki-44-II_hei,Japan,Aviation,2.0,2.7,3.0
Ki-44-II_hei_(China),China,Aviation,2.0,2.7,3.0
Ki-44-II_otsu,Japan,Aviation,2.3,2.3,2.3
Ki-45_hei,Japan,Aviation,2.3,3.0,3.3
Ki-45_hei/tei_(China),China,Aviation,2.7,3.3,3.3
Ki-45_otsu,Japan,Aviation,2.3,2.3,2.7
Ki-45_tei,Japan,Aviation,2.0,2.3,2.3
Ki-49-I,Japan,Aviation,3.3,3.0,3.7
Ki-49-IIa,Japan,Aviation,3.7,3.3,3.7
Ki-61-I_ko,Japan,Aviation,2.3,2.7,2.7
Ki-61-I_otsu,Japan,Aviation,2.3,3.0,3.3
Ki-61-I_otsu_(China),China,Aviation,2.3,3.0,3.3
Ki-61-Ib_(USA),USA,Aviation,2.3,3.3,3.0
La-5,USSR,Aviation,3.3,3.0,3.0
LaGG-3-34,USSR,Aviation,3.0,2.3,2.3
LaGG-3-35,USSR,Aviation,2.3,2.3,2.3
LaGG-3-66,USSR,Aviation,3.0,2.7,2.7
LeO_451_early,France,Aviation,3.0,3.0,3.0
LeO_451_late,France,Aviation,3.0,3.0,3.0
M.B.152C1,France,Aviation,2.7,2.3,2.3
M.B.174A-3,France,Aviation,2.7,2.7,2.7
M.S.410,France,Aviation,2.0,2.0,2.0
Martlet_Mk_IV,Britain,Aviation,3.0,2.7,3.0
MiG-3-15,USSR,Aviation,1.7,1.7,1.7
MiG-3-15_(BK),USSR,Aviation,2.3,2.3,2.0
MiG-3-34,USSR,Aviation,2.7,2.3,2.3
N1K1,Japan,Aviation,2.7,2.7,2.7
P-38E,USA,Aviation,3.0,3.0,3.3
P-38G-1,USA,Aviation,3.7,3.7,3.7
P-39K-1_(USSR),USSR,Aviation,3.7,3.0,3.0
P-39N-0,USA,Aviation,3.3,3.0,3.0
P-39Q-5,USA,Aviation,3.7,3.3,3.3
P-400,USA,Aviation,2.7,2.3,2.3
P-40C,USA,Aviation,2.0,2.3,2.3
P-40E-1,USA,Aviation,2.3,2.7,2.3
P-40E-1_(China),China,Aviation,2.3,2.7,2.3
P-40E-1_(USSR),USSR,Aviation,2.3,2.7,2.3
P-40F-10,USA,Aviation,2.3,2.7,2.7
P-43A-1,USA,Aviation,2.7,2.7,2.7
P-43A-1_(China),China,Aviation,2.7,2.7,2.7
P-51A,USA,Aviation,3.0,3.0,3.0
P-66,China,Aviation,2.0,2.3,2.0
PBM-3_%22Mariner%22,USA,Aviation,3.0,3.0,3.0
Pe-2-1,USSR,Aviation,3.3,3.7,3.3
Pe-2-31,USSR,Aviation,3.3,3.7,3.7
Pe-2-83,USSR,Aviation,4.0,4.0,4.0
Pe-3_(e),USSR,Aviation,2.0,2.3,2.0
Potez_631,France,Aviation,2.0,2.3,2.0
PV-2D,USA,Aviation,3.3,3.3,3.3
Re.2001_CB,Italy,Aviation,2.3,2.3,2.3
Re.2001_CN,Italy,Aviation,2.7,2.7,2.7
Re.2001_serie_1,Italy,Aviation,2.3,2.3,2.3
S.M.79_AS,Italy,Aviation,2.3,2.7,2.7
S.M.79_AS_(Germany),Germany,Aviation,2.3,2.7,2.7
S.M.79_B,Italy,Aviation,2.3,2.3,2.7
S.M.79_B_(Germany),Germany,Aviation,2.3,2.3,2.7
S.M.79_bis/N_(Germany),Germany,Aviation,2.7,2.7,3.0
S.M.79_bis/T.M,Italy,Aviation,2.7,2.7,2.7
S.M.79_bis/T.M_(Germany),Germany,Aviation,2.7,2.7,2.7
S.M.79_serie_1,Italy,Aviation,2.0,1.7,2.3
S.M.79_serie_1_(Germany),Germany,Aviation,2.0,1.7,2.3
S.M.79_serie_4_(Germany),Germany,Aviation,2.3,2.7,2.7
S.M.79_serie_8,Italy,Aviation,2.0,2.3,2.3
S.M.79_serie_8_(Germany),Germany,Aviation,2.0,2.3,2.3
SB_2M-103U_(China),China,Aviation,2.7,2.3,2.3
Sea_Hurricane_Mk_IB,Britain,Aviation,2.0,2.0,2.0
Sea_Hurricane_Mk_IC,Britain,Aviation,3.3,3.0,3.3
Spitfire_Mk_Ia,Britain,Aviation,2.3,2.7,2.3
Spitfire_Mk_IIa,Britain,Aviation,2.7,2.7,3.0
Spitfire_Mk_IIb,Britain,Aviation,3.7,3.0,3.0
Sunderland_Mk_V,Britain,Aviation,2.3,2.0,2.3
TBF-1C,USA,Aviation,2.0,3.0,2.7
Typhoon_Mk_Ia,Britain,Aviation,2.7,2.7,2.7
V.G.33C-1,France,Aviation,2.3,2.7,2.3
Wellington_Mk_Ic,Britain,Aviation,2.7,2.3,2.7
Wellington_Mk_Ic_(Germany),Germany,Aviation,2.7,2.3,3.0
Wellington_Mk_Ic/L,Britain,Aviation,3.0,2.7,3.0
Wellington_Mk_III,Britain,Aviation,3.3,3.0,4.0
Wellington_Mk_X,Britain,Aviation,3.3,3.3,4.0
XP-38G,USA,Aviation,3.0,3.3,3.3
XP-55,USA,Aviation,3.7,4.0,3.0
Yak-1B,USSR,Aviation,3.3,3.0,3.3
Yak-1B_(Germany),Germany,Aviation,3.3,3.0,3.3
Yak-7B,USSR,Aviation,3.3,2.3,2.7
Yak-9,USSR,Aviation,3.3,3.0,3.0
Yak-9B,USSR,Aviation,2.7,3.0,3.0
A6M2_(China),China,Aviation,3.7,3.3,3.3
A6M2_(USA),USA,Aviation,3.7,3.3,3.7
A6M3,Japan,Aviation,4.3,3.7,3.7
A6M3_mod._22,Japan,Aviation,4.3,4.0,4.0
A6M3_mod._22Ko,Japan,Aviation,4.3,4.3,4.3
A6M5,Japan,Aviation,4.7,4.3,4.7
A6M5_otsu,Japan,Aviation,4.7,4.7,5.0
A7M1_(NK9H),Japan,Aviation,4.3,4.7,4.0
A7M2,Japan,Aviation,4.3,5.3,4.7
B-17E,USA,Aviation,5.3,5.0,5.7
B-17E/L,USA,Aviation,5.3,5.3,5.7
B-25J-20,USA,Aviation,4.0,4.3,4.3
B-25J-30_(China),China,Aviation,4.0,4.3,4.3
B-25J-30_(USSR),USSR,Aviation,4.0,4.3,4.3
B18B,Sweden,Aviation,2.3,2.3,2.3
B7A2,Japan,Aviation,4.3,4.3,4.0
Beaufighter_Mk_21,Britain,Aviation,4.3,4.0,4.0
Beaufighter_Mk_X,Britain,Aviation,3.7,3.3,3.7
Bf_109_F-4,Germany,Aviation,4.0,4.0,4.0
Bf_109_F-4_(USA),USA,Aviation,4.0,4.0,4.0
Bf_109_F-4/trop,Germany,Aviation,4.0,4.0,4.0
Bf_109_G-2,Germany,Aviation,5.3,4.3,4.0
Bf_109_G-2_(Italy),Italy,Aviation,5.3,4.3,4.0
Bf_109_G-2/trop,Germany,Aviation,5.3,4.3,4.0
BTD-1,USA,Aviation,4.3,4.0,4.0
C.205_serie_1,Italy,Aviation,3.0,3.0,3.0
C.205_serie_3,Italy,Aviation,4.3,4.0,3.7
Challe%27s_Yak-9T_(France),France,Aviation,3.7,4.0,4.0
D.520,France,Aviation,3.0,2.7,2.3
Do_217_E-2,Germany,Aviation,4.7,4.7,4.0
Do_217_E-4,Germany,Aviation,5.0,4.7,4.3
Do_217_N-1,Germany,Aviation,3.7,3.3,3.3
Do_217_N-2,Germany,Aviation,3.7,3.3,3.3
F4U-1C,USA,Aviation,5.0,4.7,4.7
F4U-1D,USA,Aviation,3.0,3.7,3.7
F4U-4,USA,Aviation,5.3,5.0,5.0
F6F-5_(France),France,Aviation,3.0,3.7,3.7
F6F-5N,USA,Aviation,5.0,4.3,4.7
F6F-5N_(France),France,Aviation,5.0,4.3,4.7
Firebrand_TF_Mk_IV,Britain,Aviation,4.3,4.3,4.3
Firecrest,Britain,Aviation,4.0,4.0,4.0
Firefly_F_Mk_I,Britain,Aviation,3.7,3.7,4.0
Firefly_FR_Mk_V,Britain,Aviation,4.0,4.0,4.0
Fw_190_A-5,Germany,Aviation,5.3,4.7,4.3
Fw_190_A-5_(Japan),Japan,Aviation,5.3,4.7,4.7
Fw_190_A-5/U12,Germany,Aviation,6.0,4.7,4.7
Fw_190_A-5/U2,Germany,Aviation,5.3,4.3,4.7
G.55_serie_1,Italy,Aviation,4.7,4.7,4.7
G.55_sottoserie_0,Italy,Aviation,4.3,4.0,4.3
Golovachev%27s_Yak-9M,USSR,Aviation,3.3,3.0,3.7
He_111_H-16,Germany,Aviation,3.3,3.0,3.7
Hellcat_Mk_II_(Great_Britain),Britain,Aviation,3.0,3.7,3.7
Hs_129_B-2,Germany,Aviation,3.7,3.3,2.7
Hs_129_B-2_(Romania),Germany,Aviation,3.7,3.3,2.7
Hs_129_B-2_(Romania)_(Italy),Italy,Aviation,3.7,3.3,2.7
Hs_129_B-3,Germany,Aviation,3.0,3.3,3.0
I-16_type_17_(China),China,Aviation,3.3,2.7,2.7
I-185_(M-82),USSR,Aviation,4.0,3.7,4.0
IL-2-37,USSR,Aviation,3.3,3.3,3.7
IL-2M_%22Avenger%22,USSR,Aviation,3.3,3.3,3.3
IL-2M_(1943),USSR,Aviation,3.3,3.3,3.7
IL-2M_type_3,USSR,Aviation,3.3,3.3,3.3
J21A-1,Sweden,Aviation,3.0,3.0,3.0
J22-B,Sweden,Aviation,2.0,2.0,2.0
Ki-102_otsu,Japan,Aviation,3.0,3.3,3.3
Ki-108,Japan,Aviation,3.7,3.7,3.3
Ki-109,Japan,Aviation,3.3,3.3,3.3
Ki-43-III_otsu,Japan,Aviation,4.3,4.0,4.7
Ki-49-IIb,Japan,Aviation,3.7,3.7,4.0
Ki-49-IIb/L,Japan,Aviation,4.0,4.0,4.3
Ki-61-I_hei,Japan,Aviation,4.7,4.7,4.0
Ki-61-I_tei,Japan,Aviation,4.3,4.3,4.0
Ki-61-II,Japan,Aviation,4.7,4.7,4.7
Ki-67-I_Ko,Japan,Aviation,4.7,4.3,4.7
Ki-67-I_otsu,Japan,Aviation,5.0,4.7,5.0
Ki-96,Japan,Aviation,4.0,3.7,3.7
Kingcobra_(USA),USA,Aviation,4.0,4.0,4.7
La-5F,USSR,Aviation,3.3,3.3,3.3
La-5FN,USSR,Aviation,4.0,3.7,4.0
La-5FN_(Germany),Germany,Aviation,4.0,3.7,4.0
M.B.157,France,Aviation,3.3,3.3,3.3
M.B.162,France,Aviation,4.0,4.0,4.0
M.B.175T,France,Aviation,3.3,3.3,3.3
Me_264,Germany,Aviation,4.0,4.3,3.7
Me_410_A-1,Germany,Aviation,3.3,3.7,3.7
Me_410_A-1/U2,Germany,Aviation,4.3,5.0,4.3
Me_410_B-1,Germany,Aviation,4.7,4.7,4.7
Me_410_B-1/U2,Germany,Aviation,4.7,5.0,5.0
Mosquito_FB.Mk.26,China,Aviation,4.3,3.7,3.7
Mustang_Mk_IA_(Great_Britain),Britain,Aviation,4.0,3.7,4.0
NC.900,France,Aviation,5.3,5.0,5.3
P-39Q-15_(USSR),USSR,Aviation,3.3,3.7,3.3
P-47D_(Germany),Germany,Aviation,3.3,4.3,3.7
P-47D-25,USA,Aviation,3.3,4.3,3.7
P-47D-27_(USSR),USSR,Aviation,3.3,4.3,3.7
P-47D-28,USA,Aviation,3.3,4.7,4.3
P-47D-28_(China),China,Aviation,3.3,4.7,3.7
P-51,USA,Aviation,4.0,3.7,4.0
P-61A-1,USA,Aviation,3.7,3.7,3.7
P-61C-1,USA,Aviation,4.0,4.0,4.3
P-63A-10,USA,Aviation,4.0,4.0,4.7
P-63A-5,USA,Aviation,3.7,3.7,3.7
P-63A-5_(USSR),USSR,Aviation,3.7,3.7,3.7
P-63C-5,USA,Aviation,4.0,4.0,4.7
P.108A_serie_2,Italy,Aviation,3.7,3.3,3.0
P1Y1_mod._11_(China),China,Aviation,4.7,4.7,4.7
PB4Y-2,USA,Aviation,5.7,5.3,5.7
PB4Y-2_(China),China,Aviation,5.7,5.3,5.7
PBJ-1H,USA,Aviation,4.0,4.0,4.3
PBJ-1J,USA,Aviation,4.0,4.0,4.0
Pe-2-110,USSR,Aviation,4.3,4.3,4.3
Pe-2-205,USSR,Aviation,3.7,4.0,3.7
Pe-2-359,USSR,Aviation,5.0,4.7,4.7
Pe-3,USSR,Aviation,2.3,2.7,2.7
Pe-3bis,USSR,Aviation,3.3,3.3,3.0
Pe-8,USSR,Aviation,4.3,4.3,5.3
Pokryshkin%27s_P-39N-0_(USSR),USSR,Aviation,3.3,3.0,3.0
Py%C3%B6rremyrsky,Sweden,Aviation,4.3,4.3,3.7
SB2C-1c,USA,Aviation,3.3,3.3,3.0
SB2C-4,USA,Aviation,4.0,4.0,3.7
SB2C-5_(France),France,Aviation,4.0,4.0,4.0
Spitfire_F_Mk_IX,Britain,Aviation,4.3,4.3,4.7
Spitfire_F_Mk_IXc,Britain,Aviation,4.3,4.7,4.7
Spitfire_Mk_Vb,Britain,Aviation,4.0,3.7,3.7
Spitfire_Mk_Vb/trop,Britain,Aviation,3.7,3.3,3.3
Spitfire_Mk_Vb/trop_(Italy),Italy,Aviation,3.7,3.3,3.3
Spitfire_Mk_Vc,Britain,Aviation,5.7,4.7,5.0
Spitfire_Mk_Vc/trop,Britain,Aviation,5.3,4.3,4.7
Stirling_B_Mk_I,Britain,Aviation,4.3,4.7,5.0
Stirling_B_Mk_III,Britain,Aviation,4.7,5.0,5.3
Ta_154_A-1,Germany,Aviation,4.3,4.3,4.0
TIS_MA,USSR,Aviation,3.7,3.7,3.7
Tu-2,USSR,Aviation,4.0,4.0,4.0
Typhoon_Mk_Ib,Britain,Aviation,3.7,4.3,4.0
Typhoon_Mk_Ib/L,Britain,Aviation,4.7,4.3,5.0
Whirlwind_Mk_I,Britain,Aviation,4.7,3.7,4.7
Whirlwind_P.9,Britain,Aviation,4.3,3.7,4.3
XF5F,USA,Aviation,3.0,2.7,2.7
XP-50,USA,Aviation,4.0,3.7,4.0
Yak-3,USSR,Aviation,4.0,4.0,4.7
Yak-3_(France),France,Aviation,4.0,4.0,4.7
Yak-3P,USSR,Aviation,5.3,5.0,5.7
Yak-3T,USSR,Aviation,5.3,5.0,5.7
Yak-9K,USSR,Aviation,3.7,4.0,4.3
Yak-9T,USSR,Aviation,3.7,4.0,4.0
Yer-2_(M-105),USSR,Aviation,4.0,4.0,4.0
Yer-2_(M-105)_TAT,USSR,Aviation,4.7,4.0,4.0
Yer-2_(M-105R)_LU,USSR,Aviation,4.7,4.0,4.0
Yer-2_(M-105R)_TAT,USSR,Aviation,4.7,4.0,4.0
Z.1007_bis_serie_3,Italy,Aviation,3.0,2.7,2.7
Z.1007_bis_serie_5,Italy,Aviation,3.3,3.0,3.0
A-26B-10,USA,Aviation,5.0,5.0,5.0
A-26B-50,USA,Aviation,5.3,5.3,5.7
A-26C-45,USA,Aviation,5.3,5.3,5.7
A-26C-45DT,USA,Aviation,5.3,5.3,5.7
A21A-3,Sweden,Aviation,3.3,3.3,3.3
A2D-1,USA,Aviation,7.0,6.7,6.7
A6M5_Ko,Japan,Aviation,4.7,4.7,4.7
AD-2,USA,Aviation,5.7,5.7,5.7
AD-4,USA,Aviation,6.0,6.0,5.7
AD-4_(France),France,Aviation,5.7,6.0,6.0
AM-1,USA,Aviation,5.7,5.7,5.7
B-17E_(Japan),Japan,Aviation,5.3,5.0,5.7
B-17G-60-VE,USA,Aviation,6.0,5.7,6.7
B-24D-25-CO,USA,Aviation,5.7,6.0,6.0
B-29A-BN,USA,Aviation,6.3,6.3,7.0
Be-6,USSR,Aviation,5.0,5.0,5.3
Bf_109_G-10,Germany,Aviation,5.7,5.3,5.3
Bf_109_G-14,Germany,Aviation,5.7,5.3,5.0
Bf_109_G-14/AS_(Italy),Italy,Aviation,5.7,5.3,5.0
Bf_109_G-6,Germany,Aviation,5.3,4.7,4.7
Bf_109_K-4,Germany,Aviation,6.0,5.7,6.3
Bf_109_Z,Germany,Aviation,4.7,4.7,4.7
Bong%27s_P-38J-15,USA,Aviation,4.3,4.3,4.3
Bostwick%27s_P-47M-1-RE,USA,Aviation,4.7,5.7,5.7
Brigand_B_1,Britain,Aviation,5.0,4.7,4.3
C.205N2,Italy,Aviation,5.0,4.7,4.7
Do_217_K-1,Germany,Aviation,5.3,5.0,5.3
Do_217_M-1,Germany,Aviation,5.3,5.0,5.7
Do_335_A-0,Germany,Aviation,5.3,5.3,5.0
Do_335_A-1,Germany,Aviation,4.7,5.0,5.0
Do_335_B-2,Germany,Aviation,5.7,5.7,5.7
Dolgushin%27s_La-7,USSR,Aviation,4.0,4.7,5.0
F-82E,USA,Aviation,5.0,5.0,5.0
F4U-4B,USA,Aviation,5.7,5.7,5.7
F4U-4B_VMF-214,USA,Aviation,5.7,5.7,5.7
F4U-7,France,Aviation,6.0,6.0,6.0
F7F-1,USA,Aviation,6.7,6.0,6.3
F7F-3,USA,Aviation,6.7,6.0,6.3
F8F-1,USA,Aviation,4.7,6.0,6.0
F8F-1B,USA,Aviation,6.3,6.3,6.3
F8F-1B_(France),France,Aviation,6.3,6.3,6.3
Fw_190_A-8,Germany,Aviation,5.3,5.0,5.0
Fw_190_A-8_(USA),USA,Aviation,5.3,5.0,5.3
Fw_190_C,Germany,Aviation,5.3,5.0,5.0
Fw_190_D-12,Germany,Aviation,6.0,5.3,5.3
Fw_190_D-13,Germany,Aviation,5.7,5.3,5.3
Fw_190_D-9,Germany,Aviation,5.0,5.3,5.3
Fw_190_D-9_(USSR),USSR,Aviation,5.0,5.3,5.7
Fw_190_F-8,Germany,Aviation,5.3,4.7,4.3
G.55S,Italy,Aviation,5.3,4.7,4.7
G.56,Italy,Aviation,6.0,5.7,5.7
G5N1,Japan,Aviation,4.3,5.0,5.3
G8N1,Japan,Aviation,6.0,6.3,6.7
He_177_A-5,Germany,Aviation,5.7,5.3,5.7
He_219_A-7,Germany,Aviation,4.7,4.3,4.3
Hornet_Mk.III,Britain,Aviation,5.7,5.7,5.7
I-185_(M-71),USSR,Aviation,4.3,4.7,4.7
I-225,USSR,Aviation,6.3,6.0,6.3
IL-10,USSR,Aviation,5.0,5.3,5.3
IL-10_(1946),USSR,Aviation,5.0,5.3,5.3
IL-10_(1946)_(China),China,Aviation,5.0,5.3,5.3
J21A-2,Sweden,Aviation,3.3,3.3,3.3
J26,Sweden,Aviation,4.0,4.7,5.0
J2M3,Japan,Aviation,5.3,5.3,5.0
J2M4_Kai,Japan,Aviation,5.0,5.0,4.3
J2M5,Japan,Aviation,5.7,5.7,5.7
J2M5_30mm,Japan,Aviation,4.7,4.7,4.7
J5N1,Japan,Aviation,5.3,5.3,5.3
J6K1,Japan,Aviation,6.0,6.0,6.3
J7W1,Japan,Aviation,5.7,6.0,5.7
Ju_288_C,Germany,Aviation,5.7,5.7,5.7
Ju_388_J,Germany,Aviation,4.7,4.3,4.3
Ki-83,Japan,Aviation,6.0,6.0,6.0
Ki-84_hei,Japan,Aviation,6.7,6.3,6.3
Ki-84_ko,Japan,Aviation,4.7,5.3,5.0
Ki-84_ko_(China),China,Aviation,4.7,5.3,5.0
Ki-84_otsu,Japan,Aviation,6.0,5.7,6.0
Ki-87,Japan,Aviation,6.0,6.0,6.0
Ki-94-II,Japan,Aviation,5.7,5.7,5.7
La-11,USSR,Aviation,5.3,5.3,6.0
La-7,USSR,Aviation,4.0,4.7,5.0
La-7B-20,USSR,Aviation,5.0,5.0,5.7
La-9,USSR,Aviation,5.7,6.0,6.3
La-9_(China),China,Aviation,5.7,6.0,6.3
Lancaster_B_Mk_I,Britain,Aviation,5.0,5.3,5.7
Lancaster_B_Mk_III,Britain,Aviation,5.0,5.3,6.0
Lanovski%27s_P-47M-1-RE,USA,Aviation,4.7,5.7,5.7
Lincoln_B_Mk_II,Britain,Aviation,5.3,6.0,6.3
MB.5,Britain,Aviation,5.3,5.0,4.7
Me_410_A-1/U4,Germany,Aviation,3.3,3.7,4.0
Me_410_B-2/U4,Germany,Aviation,3.7,4.3,4.7
Me_410_B-6/R3,Germany,Aviation,5.3,5.3,5.3
Mosquito_FB_Mk_VI,Britain,Aviation,4.3,3.7,3.7
Mosquito_FB_Mk_XVIII,Britain,Aviation,4.0,3.7,3.7
N1K1-Ja,Japan,Aviation,5.3,5.3,5.0
N1K2-J,Japan,Aviation,5.7,6.0,6.0
N1K2-Ja,Japan,Aviation,6.0,6.0,6.3
P-38J-15,USA,Aviation,4.3,4.3,4.0
P-38K,USA,Aviation,5.3,5.3,5.3
P-38L-1_(China),China,Aviation,4.7,4.7,5.0
P-38L-5-LO,USA,Aviation,4.7,4.7,4.0
P-47N-15,USA,Aviation,5.0,5.0,4.7
P-51D-10,USA,Aviation,4.0,4.7,5.0
P-51D-20_(China),China,Aviation,4.0,4.7,5.0
P-51D-20-NA,USA,Aviation,4.0,4.7,5.0
P-51D-30,USA,Aviation,4.7,5.0,5.3
P-51D-5,USA,Aviation,4.0,4.3,5.0
P-51H-5-NA,USA,Aviation,6.3,6.3,6.3
P-51K_(China),China,Aviation,4.7,5.0,5.3
P-59A,USA,Aviation,5.3,5.3,5.3
P-63A-10_(USSR),USSR,Aviation,4.0,4.0,4.7
P-63C-5_(France),France,Aviation,4.0,4.0,4.7
P-63C-5_(USSR),USSR,Aviation,4.0,4.0,4.7
P.108B_serie_1,Italy,Aviation,3.7,3.3,3.3
P.108B_serie_2,Italy,Aviation,4.0,3.7,3.7
P1Y1_mod._11,Japan,Aviation,4.7,4.7,4.7
PB4Y-2_(France),France,Aviation,5.7,5.3,5.7
Plagis%27_Spitfire_LF_Mk_IXc,Britain,Aviation,5.7,5.7,5.0
Re.2005_serie_0,Italy,Aviation,5.3,5.3,5.3
S.O.8000_Narval,France,Aviation,5.7,5.7,5.7
Sea_Fury_FB_11,Britain,Aviation,5.7,5.3,5.7
Seafire_F_Mk_XVII,Britain,Aviation,5.3,5.3,5.7
Seafire_FR_47,Britain,Aviation,5.7,5.3,6.0
SM.91,Italy,Aviation,3.7,3.7,3.7
SM.92,Italy,Aviation,4.0,4.0,4.0
Spitfire_F_Mk_22,Britain,Aviation,5.7,6.3,6.0
Spitfire_F_Mk_24,Britain,Aviation,6.0,6.7,6.3
Spitfire_F_Mk_XIVc,Britain,Aviation,5.0,5.7,5.3
Spitfire_F_Mk_XIVe,Britain,Aviation,5.0,5.7,5.3
Spitfire_F_Mk_XVI,Britain,Aviation,4.7,5.0,5.0
Spitfire_F_Mk_XVIIIe,Britain,Aviation,5.0,5.7,5.3
Spitfire_FR_Mk_XIVe,Britain,Aviation,5.3,5.7,5.3
Spitfire_LF_Mk_IX,Britain,Aviation,5.7,5.7,5.0
Spitfire_LF_Mk_IXc_(USA),USA,Aviation,5.7,5.7,5.0
Spitfire_Mk_IXc_(USSR),USSR,Aviation,5.7,5.7,5.0
Su-6_(AM-42),USSR,Aviation,5.0,5.0,5.0
Su-6_(M-71F),USSR,Aviation,5.3,5.3,5.3
T18B-1,Sweden,Aviation,3.7,3.7,3.7
T18B-2,Sweden,Aviation,3.7,3.7,3.7
Ta_152_C-3,Germany,Aviation,6.3,5.7,5.7
Ta_152_H-1,Germany,Aviation,6.3,5.7,5.7
Tempest_Mk_II,Britain,Aviation,6.3,6.0,6.3
Tempest_Mk_V,Britain,Aviation,6.0,5.7,6.0
Tempest_Mk_V_(Germany),Germany,Aviation,6.0,5.7,6.3
Tempest_Mk_V_(Vickers_P),Britain,Aviation,3.7,4.0,4.0
Tu-2S,USSR,Aviation,5.7,5.7,5.7
Tu-2S-44,USSR,Aviation,6.0,6.0,6.0
Tu-2S-44_(China),China,Aviation,6.0,6.0,6.0
Tu-2S-59,USSR,Aviation,6.0,6.0,6.0
Tu-4,USSR,Aviation,7.3,8.0,7.7
Tu-4_(China),China,Aviation,7.3,8.0,7.7
VB.10-02,France,Aviation,4.3,4.3,4.0
VB.10C-1,France,Aviation,3.7,4.0,3.7
Wyvern_S4,Britain,Aviation,4.7,5.0,5.0
XA-38,USA,Aviation,4.7,4.7,4.7
Yak-3_(VK-107),USSR,Aviation,6.0,5.7,6.3
Yak-3U,USSR,Aviation,6.0,5.7,6.3
Yak-9P,USSR,Aviation,5.0,5.0,5.3
Yak-9U,USSR,Aviation,4.0,4.3,5.0
Yak-9UT,USSR,Aviation,6.0,5.7,6.3
Yer-2_(ACh-30B)_(e),USSR,Aviation,5.0,4.7,5.3
Yer-2_(ACh-30B)_(l),USSR,Aviation,5.0,4.7,5.7
A21RB,Sweden,Aviation,6.7,6.7,6.7
Ar_234_B-2,Germany,Aviation,6.3,6.7,6.7
Ar_234_C-3,Germany,Aviation,7.0,7.3,7.3
Attacker_FB_1,Britain,Aviation,7.7,7.0,7.3
B-57A,USA,Aviation,7.7,7.7,7.7
B-57B,USA,Aviation,8.0,8.0,8.0
Canberra_B_(I)_Mk_6,Britain,Aviation,8.0,8.0,8.0
Canberra_B_Mk_2,Britain,Aviation,7.7,7.7,7.7
F-80A-5,USA,Aviation,6.7,7.0,7.0
F-80C-10,USA,Aviation,7.3,7.7,7.7
F-84B-26,USA,Aviation,6.7,7.3,8.0
F-84G-21-RE,USA,Aviation,7.7,7.7,8.0
F-84G-21-RE_(China),China,Aviation,7.7,7.7,8.0
F-84G-21-RE_(Italy),Italy,Aviation,7.7,7.7,8.0
F-84G-26-RE_(France),France,Aviation,7.7,7.7,8.0
F-86A-5,USA,Aviation,8.0,8.7,8.7
F-86F-25,USA,Aviation,8.0,9.0,9.0
F-86F-30_(China),China,Aviation,8.0,9.0,9.0
F-86F-30_(Japan),Japan,Aviation,8.0,9.0,9.0
F-86F-35,USA,Aviation,8.3,9.0,9.0
F-86F-40_(Japan),Japan,Aviation,8.3,9.3,9.3
F-86F-40_JASDF_(Japan),Japan,Aviation,8.3,9.3,9.3
F-89B,USA,Aviation,7.3,7.7,7.3
F-89D,USA,Aviation,7.3,7.3,7.3
F2H-2,USA,Aviation,8.0,8.0,8.0
F3D-1,USA,Aviation,7.0,7.0,7.0
F9F-2,USA,Aviation,8.3,8.3,8.3
F9F-5,USA,Aviation,8.3,8.3,8.3
G.91_pre-serie,Italy,Aviation,8.3,8.7,8.3
G.91_R/1,Italy,Aviation,9.0,8.7,8.7
G.91_R/3,Germany,Aviation,9.0,8.7,9.0
G.91_R/4,Italy,Aviation,9.0,8.7,9.0
H-5,China,Aviation,8.0,8.0,8.0
He_162_A-1,Germany,Aviation,6.3,6.3,6.7
He_162_A-2,Germany,Aviation,6.3,6.3,6.7
Ho_229_V3,Germany,Aviation,7.3,7.3,7.7
Hunter_FGA.9,Britain,Aviation,9.7,9.7,9.7
IL-28,USSR,Aviation,8.0,8.0,8.0
IL-28Sh,USSR,Aviation,8.0,8.0,8.0
J-2,China,Aviation,8.7,8.7,8.7
J/A29B,Sweden,Aviation,8.3,8.3,8.3
J21RA,Sweden,Aviation,6.7,6.7,6.7
J28B,Sweden,Aviation,7.7,7.3,7.7
J29A,Sweden,Aviation,8.0,8.0,8.0
J29D,Sweden,Aviation,8.7,8.7,8.0
J29F,Sweden,Aviation,8.7,8.7,8.0
Ki-200,Japan,Aviation,8.0,8.0,8.0
Kikka,Japan,Aviation,6.7,6.7,6.7
La-15,USSR,Aviation,8.0,8.0,8.0
La-174,USSR,Aviation,8.0,8.0,8.0
La-200,USSR,Aviation,8.0,8.0,8.0
M.D.450B_Barougan,France,Aviation,7.7,7.7,7.7
M.D.450B_Ouragan,France,Aviation,7.7,7.7,7.7
M.D.452_IIA,France,Aviation,8.3,8.7,8.3
M.D.452_IIC,France,Aviation,8.7,8.7,8.7
Me_163_B,Germany,Aviation,8.0,8.0,8.0
Me_163_B-0,Germany,Aviation,9.0,8.3,8.3
Me_262_A-1/U4,Germany,Aviation,6.3,6.7,6.7
Me_262_A-1a,Germany,Aviation,7.3,7.0,7.0
Me_262_A-1a/U1,Germany,Aviation,7.3,7.0,7.0
Me_262_A-2a,Germany,Aviation,6.3,6.7,6.7
Me_262_C-1a,Germany,Aviation,8.0,8.0,8.0
Me_262_C-2b,Germany,Aviation,8.0,8.0,8.0
Meteor_F_Mk_3,Britain,Aviation,7.3,7.0,7.0
Meteor_F_Mk_4_G.41F,Britain,Aviation,8.0,8.0,8.0
Meteor_F_Mk_4_G.41G,Britain,Aviation,8.0,8.0,8.0
Meteor_F_Mk_8_G.41K,Britain,Aviation,8.0,8.0,8.0
Meteor_F_Mk.8_Reaper,Britain,Aviation,8.0,8.0,8.0
MiG-15,USSR,Aviation,8.7,8.7,8.3
MiG-15bis,USSR,Aviation,8.7,8.7,8.7
MiG-15bis_(Germany),Germany,Aviation,8.7,8.7,9.0
MiG-15bis_ISH,USSR,Aviation,8.7,8.7,9.0
MiG-17AS,USSR,Aviation,9.0,9.0,9.0
MiG-9,USSR,Aviation,7.3,7.3,7.7
MiG-9_(China),China,Aviation,7.3,7.3,7.7
MiG-9_(l),USSR,Aviation,7.7,7.3,7.7
MiG-9_(l)_(China),China,Aviation,7.7,7.3,7.7
R2Y2_Kai_V1,Japan,Aviation,7.7,7.3,7.3
R2Y2_Kai_V2,Japan,Aviation,7.3,7.3,7.3
R2Y2_Kai_V3,Japan,Aviation,7.3,7.3,7.7
S.O.4050_Vautour_IIA,France,Aviation,9.0,9.0,9.0
S.O.4050_Vautour_IIB,France,Aviation,9.0,9.0,9.0
Sea_Hawk_FGA.6,Britain,Aviation,8.0,8.0,7.3
Sea_Hawk_Mk.100,Germany,Aviation,8.0,8.0,7.3
Sea_Meteor_F_Mk_3,Britain,Aviation,7.7,7.7,7.7
Sea_Venom_FAW_20,Britain,Aviation,8.0,8.0,8.0
Shenyang_F-5,China,Aviation,9.3,9.3,9.3
Swift_F.1,Britain,Aviation,8.3,8.3,8.3
Swift_F.7,Britain,Aviation,8.7,8.7,8.7
Tu-14T,USSR,Aviation,8.0,8.0,8.0
Vampire_FB_5,Britain,Aviation,7.7,7.3,7.7
Vampire_FB_52A,Italy,Aviation,7.7,7.3,7.7
Vautour_IIA_IDF/AF_(France),France,Aviation,9.0,9.0,9.0
Venom_FB.4,Britain,Aviation,8.7,8.7,9.0
Yak-15,USSR,Aviation,6.3,6.7,6.7
Yak-15P,USSR,Aviation,6.0,6.3,6.7
Yak-17,USSR,Aviation,6.3,6.7,7.0
Yak-23,USSR,Aviation,7.7,8.0,7.7
Yak-30,USSR,Aviation,8.3,8.3,8.0
A32A,Sweden,Aviation,9.0,9.0,9.0
CL-13_Mk.4,Italy,Aviation,8.0,8.7,9.0
CL-13A_Mk_5,Germany,Aviation,8.3,9.3,9.0
CL-13B_Mk.6,Germany,Aviation,9.3,9.3,9.3
Etendard_IVM,France,Aviation,9.3,9.3,9.3
F-100D,USA,Aviation,9.7,10.0,9.7
F-100D_(France),France,Aviation,9.7,10.0,9.7
F-4C_Phantom_II,USA,Aviation,10.3,10.3,10.3
F-86F-2,USA,Aviation,9.0,9.0,9.0
F-86K_(France),France,Aviation,9.0,9.0,9.3
F-86K_(Italy),Italy,Aviation,9.0,9.0,9.3
F9F-8,USA,Aviation,8.3,8.3,8.3
FJ-4B,USA,Aviation,9.0,8.7,9.0
FJ-4B_VMF-232,USA,Aviation,9.0,8.7,9.0
G.91_YS,Italy,Aviation,9.7,9.7,9.3
Hunter_F.1,Britain,Aviation,9.0,9.0,9.0
Hunter_F.6,Britain,Aviation,10.0,10.0,9.7
J-4,China,Aviation,9.0,9.0,9.0
J-6A,China,Aviation,10.3,10.3,10.3
J-7II,China,Aviation,10.3,10.3,10.3
J32B,Sweden,Aviation,9.0,9.0,9.0
Javelin_F.(A.W.)_Mk.9,Britain,Aviation,8.7,8.7,8.7
MiG-17,USSR,Aviation,9.0,9.0,9.0
MiG-19PT,USSR,Aviation,10.3,10.3,10.3
MiG-19S_(Germany),Germany,Aviation,10.3,10.3,10.3
MiG-21F-13,USSR,Aviation,10.3,10.3,10.3
MiG-21MF_(Germany),Germany,Aviation,10.3,10.3,10.3
MiG-21SMT,USSR,Aviation,10.3,10.3,10.3
Mitsubishi_T-2,Japan,Aviation,10.3,10.3,10.3
Phantom_FGR.2,Britain,Aviation,10.3,10.3,10.3
Super_Mystere_B2,France,Aviation,9.0,9.0,9.0
15cm_sIG_33_B_Sfl,Germany,Ground_vehicles,2.0,2.0,2.0
47/32_L40,Italy,Ground_vehicles,1.7,1.7,1.7
A13_Mk_I,Britain,Ground_vehicles,1.0,1.0,1.0
A13_Mk_II,Britain,Ground_vehicles,1.3,1.3,1.3
A13_Mk_II_1939,Britain,Ground_vehicles,1.7,1.7,1.7
A13_Mk.I_(3rd_RTR),Britain,Ground_vehicles,1.0,1.0,1.0
AB_41,Italy,Ground_vehicles,1.0,1.0,1.0
AMC.34_YR,France,Ground_vehicles,1.0,1.0,1.0
AMD.35,France,Ground_vehicles,1.0,1.0,1.0
AMR.35_ZT3,France,Ground_vehicles,1.0,1.0,1.0
AS_42,Italy,Ground_vehicles,1.3,1.3,1.3
BA-11,USSR,Ground_vehicles,1.3,1.3,1.3
BM-8-24,USSR,Ground_vehicles,2.3,2.3,2.3
BT-5,USSR,Ground_vehicles,1.0,1.0,1.0
BT-7,USSR,Ground_vehicles,1.3,1.3,1.3
Chi-Ha,Japan,Ground_vehicles,1.3,1.3,1.3
Chi-Ha_(China),China,Ground_vehicles,1.3,1.3,1.3
Chi-Ha_Kai,Japan,Ground_vehicles,2.0,2.0,2.0
Chi-Ha_Kai_(China),China,Ground_vehicles,2.0,2.0,2.0
Crusader_Mk_II,Britain,Ground_vehicles,2.0,2.3,2.0
Crusader_Mk_III,Britain,Ground_vehicles,2.7,2.7,2.7
Daimler_AC_Mk.II,Britain,Ground_vehicles,1.3,1.3,1.3
FCM.36,France,Ground_vehicles,1.0,1.0,1.0
Flakpanzer_38,Germany,Ground_vehicles,2.0,2.0,2.0
Flakpanzer_I,Germany,Ground_vehicles,1.3,1.3,1.3
GAZ-AAA_(4M),USSR,Ground_vehicles,1.0,1.0,1.0
GAZ-AAA_(DShK),USSR,Ground_vehicles,1.0,1.0,1.0
H.35,France,Ground_vehicles,1.0,1.0,1.0
H.39,France,Ground_vehicles,1.0,1.0,1.0
H.39_%22Cambronne%22,France,Ground_vehicles,1.0,1.0,1.0
Ha-Go,Japan,Ground_vehicles,1.0,1.0,1.0
Ha-Go_Commander,Japan,Ground_vehicles,1.0,1.0,1.0
Ho-Ro,Japan,Ground_vehicles,1.7,1.7,1.7
I-Go_Ko,Japan,Ground_vehicles,1.0,1.0,1.0
Independent,Britain,Ground_vehicles,1.3,1.3,1.3
Ka-Mi,Japan,Ground_vehicles,1.0,1.0,1.0
Ke-Ni,Japan,Ground_vehicles,1.0,1.0,1.0
L3/33_CC,Italy,Ground_vehicles,1.0,1.0,1.0
L6/40,Italy,Ground_vehicles,1.3,1.3,1.3
LVT(A)(1),USA,Ground_vehicles,1.0,1.0,1.0
LVT(A)(4)_(ZiS-2)_(China),China,Ground_vehicles,2.3,2.3,2.3
M11/39,Italy,Ground_vehicles,1.3,1.3,1.3
M13_MGMC,USA,Ground_vehicles,1.3,1.3,1.3
M13/40_(I),Italy,Ground_vehicles,1.0,1.0,1.0
M13/40_(II),Italy,Ground_vehicles,1.0,1.0,1.0
M13/40_(III),Italy,Ground_vehicles,1.0,1.0,1.0
M14/41,Italy,Ground_vehicles,1.7,1.7,1.7
M2,USA,Ground_vehicles,1.3,1.3,1.3
M22,USA,Ground_vehicles,1.7,2.0,2.0
M2A2,USA,Ground_vehicles,1.0,1.0,1.0
M2A4,USA,Ground_vehicles,1.0,1.0,1.0
M2A4_(1st_Arm.Div.),USA,Ground_vehicles,1.0,1.0,1.0
M3_GMC,USA,Ground_vehicles,1.7,1.7,1.7
M3_Medium_(USSR),USSR,Ground_vehicles,2.7,2.7,2.7
M3_Stuart,USA,Ground_vehicles,1.3,1.3,1.3
M3A1_(USMC),USA,Ground_vehicles,1.7,2.0,2.0
M3A1_Stuart,USA,Ground_vehicles,1.7,2.0,2.0
M3A3_Stuart_(China),China,Ground_vehicles,2.0,2.3,2.3
M8_Greyhound,USA,Ground_vehicles,1.0,1.0,1.0
M8_HMC_(China),China,Ground_vehicles,2.0,2.0,2.0
M8_LAC_(China),China,Ground_vehicles,1.0,1.0,1.0
M8A1,USA,Ground_vehicles,2.7,2.7,2.7
Mk.VIA_AA,Britain,Ground_vehicles,1.0,1.0,1.0
Nb.Fz.,Germany,Ground_vehicles,1.3,1.3,1.3
P.7.T_AA,France,Ground_vehicles,1.3,1.3,1.3
Panzerjager_I,Germany,Ground_vehicles,1.7,1.7,1.7
Pz.35(t),Germany,Ground_vehicles,1.0,1.0,1.0
Pz.38(t)_A,Germany,Ground_vehicles,1.3,1.3,1.3
Pz.38(t)_F,Germany,Ground_vehicles,2.0,2.0,2.0
Pz.II_C,Germany,Ground_vehicles,1.0,1.0,1.0
Pz.II_C_(DAK),Germany,Ground_vehicles,1.0,1.0,1.0
Pz.II_F,Germany,Ground_vehicles,1.3,1.3,1.3
Pz.III_B,Germany,Ground_vehicles,1.0,1.0,1.0
Pz.III_E,Germany,Ground_vehicles,1.7,1.7,1.7
Pz.III_F,Germany,Ground_vehicles,2.0,2.0,2.0
Pz.III_J,Germany,Ground_vehicles,2.3,2.3,2.3
Pz.IV_C,Germany,Ground_vehicles,1.3,1.3,1.3
Pz.IV_E,Germany,Ground_vehicles,2.3,2.0,2.0
R.35_(SA38),France,Ground_vehicles,1.0,1.0,1.0
RBT-5,USSR,Ground_vehicles,1.3,1.3,1.3
Ro-Go,Japan,Ground_vehicles,1.3,1.3,1.3
Sd.Kfz._140/1,Germany,Ground_vehicles,1.3,1.3,1.3
Sd.Kfz.221_(s.Pz.B.41),Germany,Ground_vehicles,1.3,1.3,1.3
Sd.Kfz.234/3,Germany,Ground_vehicles,1.7,1.7,1.7
StuG_III_A,Germany,Ground_vehicles,2.3,2.3,2.3
SU-5-1,USSR,Ground_vehicles,1.3,1.3,1.3
SU-57,USSR,Ground_vehicles,2.3,2.3,2.3
T-126,USSR,Ground_vehicles,2.7,2.7,2.7
T-26,USSR,Ground_vehicles,1.0,1.0,1.0
T-26_(1st_Gv.T.Br.),USSR,Ground_vehicles,1.0,1.0,1.0
T-26_(China),China,Ground_vehicles,1.0,1.0,1.0
T-26_No.531,China,Ground_vehicles,1.0,1.0,1.0
T-26-4,USSR,Ground_vehicles,1.0,1.0,1.0
T-26E,USSR,Ground_vehicles,1.3,1.3,1.3
T-35,USSR,Ground_vehicles,1.3,1.3,1.3
T-50,USSR,Ground_vehicles,2.7,2.7,2.7
T-60,USSR,Ground_vehicles,1.0,1.0,1.0
T-70,USSR,Ground_vehicles,2.0,2.0,2.0
T-III_(USSR),USSR,Ground_vehicles,2.3,2.3,2.3
T17E2,Britain,Ground_vehicles,2.3,1.7,1.7
Tetrarch_Mk_I,Britain,Ground_vehicles,1.0,1.0,1.0
Type_94,Japan,Ground_vehicles,1.3,1.3,1.3
Valentine_Mk_I,Britain,Ground_vehicles,2.7,2.3,2.3
15_cm_Pz.W.42,Germany,Ground_vehicles,4.0,3.7,4.3
3_inch_Gun_Carrier,Britain,Ground_vehicles,3.0,3.0,3.0
75/18_M41,Italy,Ground_vehicles,2.0,2.0,2.0
75/32_M41,Italy,Ground_vehicles,2.7,2.7,2.7
75/34_M42,Italy,Ground_vehicles,3.0,3.0,3.0
"8,8_cm_Flak_37_Sfl.",Germany,Ground_vehicles,4.3,4.0,3.7
90/53_M41M,Italy,Ground_vehicles,3.7,3.7,3.7
AB_43,Italy,Ground_vehicles,2.0,2.0,2.0
AC_Mk_II_AA,Britain,Ground_vehicles,2.7,2.7,2.7
AEC_Mk.II,Britain,Ground_vehicles,3.0,3.0,3.0
AMC.35_(ACG.1),France,Ground_vehicles,1.3,1.3,1.3
Archer,Britain,Ground_vehicles,3.3,3.3,3.3
B1_bis,France,Ground_vehicles,2.0,2.0,2.0
B1_ter,France,Ground_vehicles,2.3,2.3,2.3
BM-13N,USSR,Ground_vehicles,3.7,3.7,3.7
BT-7_(F-32),USSR,Ground_vehicles,3.0,3.0,3.0
BTR-152A,USSR,Ground_vehicles,3.0,3.0,3.0
Chi-Ha_Short_Gun,Japan,Ground_vehicles,1.7,1.7,1.7
Chi-He,Japan,Ground_vehicles,2.3,2.3,2.3
Chi-Nu,Japan,Ground_vehicles,3.3,3.3,3.3
Churchill_Mk_I,Britain,Ground_vehicles,3.0,3.0,3.0
Cromwell_I,Britain,Ground_vehicles,3.7,3.7,3.7
Cromwell_Mk.V_(RP-3),Britain,Ground_vehicles,3.3,3.3,3.3
Cromwell_V,Britain,Ground_vehicles,3.0,3.3,3.0
GAZ-MM_(72-K),USSR,Ground_vehicles,2.3,2.3,2.3
Grant_I,USA,Ground_vehicles,2.7,2.7,2.7
Grant_I_(Great_Britain),Britain,Ground_vehicles,2.7,2.7,2.7
Ho-I,Japan,Ground_vehicles,2.0,2.0,2.0
Ho-Ni_I,Japan,Ground_vehicles,2.0,2.0,2.0
Ho-Ni_III,Japan,Ground_vehicles,2.3,2.3,2.3
KV-1_(L-11),USSR,Ground_vehicles,3.7,3.7,3.7
KV-1S,USSR,Ground_vehicles,4.3,4.3,4.3
LVT(A)(4)_ZIS-2_(USA),USA,Ground_vehicles,2.3,2.3,2.3
M10_(China),China,Ground_vehicles,3.7,3.7,3.3
M10_GMC,USA,Ground_vehicles,3.7,3.7,3.3
M10_GMC_(France),France,Ground_vehicles,3.7,3.7,3.3
M15/42,Italy,Ground_vehicles,2.3,2.3,2.3
M16_MGMC,USA,Ground_vehicles,2.3,2.3,2.3
M24_(China),China,Ground_vehicles,3.3,3.3,3.3
M3_Lee,USA,Ground_vehicles,2.7,2.7,2.7
M4,USA,Ground_vehicles,3.7,3.7,3.7
M4_748_(a)_(Germany),Germany,Ground_vehicles,4.0,3.7,3.7
M42_(Italy),Italy,Ground_vehicles,3.3,3.3,3.3
M4A1,USA,Ground_vehicles,3.3,3.3,3.3
M4A1_(France),France,Ground_vehicles,3.3,3.3,3.3
M4A3_(105),USA,Ground_vehicles,3.0,2.7,3.0
M4A4_(1st_PTG),China,Ground_vehicles,3.7,3.7,3.7
M4A4_(China),China,Ground_vehicles,3.7,3.7,3.7
M4A5,USA,Ground_vehicles,3.7,3.7,3.7
M5A1,USA,Ground_vehicles,2.3,2.3,2.3
M5A1_(5th_arm.div.),USA,Ground_vehicles,2.3,2.3,2.3
M5A1_(China),China,Ground_vehicles,2.3,2.3,2.3
M8_Scott,USA,Ground_vehicles,2.0,2.0,2.0
Marder_III,Germany,Ground_vehicles,2.7,2.7,2.7
Marder_III_H,Germany,Ground_vehicles,3.0,3.0,3.0
Matilda_III,Britain,Ground_vehicles,3.0,2.7,2.7
MK-II_%22Matilda%22_(USSR),USSR,Ground_vehicles,3.7,3.3,3.3
P40,Italy,Ground_vehicles,3.3,3.3,3.3
P40_%22G.C._Leoncello%22,Italy,Ground_vehicles,3.3,3.3,3.3
Pz.III_J1,Germany,Ground_vehicles,3.0,3.0,3.0
Pz.III_L,Germany,Ground_vehicles,3.0,3.0,3.0
Pz.III_M,Germany,Ground_vehicles,3.0,3.0,3.0
Pz.III_N,Germany,Ground_vehicles,3.0,3.0,3.0
Pz.IV_F1,Germany,Ground_vehicles,2.3,2.3,2.3
Pz.IV_F2,Germany,Ground_vehicles,3.7,3.3,3.3
Pz.Sfl.Ic,Germany,Ground_vehicles,2.3,2.3,2.3
S.35,France,Ground_vehicles,1.3,1.3,1.3
SAu_40,France,Ground_vehicles,2.0,2.0,2.0
SAV_20.12.48,Sweden,Ground_vehicles,3.3,3.3,3.3
Sd.Kfz._6/2,Germany,Ground_vehicles,3.0,3.0,3.0
Sd.Kfz.234/2,Germany,Ground_vehicles,2.7,2.7,2.7
Sd.Kfz.234/4,Germany,Ground_vehicles,3.0,3.0,3.0
Sherman_II,Britain,Ground_vehicles,3.7,3.7,3.7
SMK,USSR,Ground_vehicles,3.7,3.7,3.7
StuG_III_F,Germany,Ground_vehicles,3.7,3.7,3.7
StuG_III_G,Germany,Ground_vehicles,4.3,4.0,4.0
StuH_42_G,Germany,Ground_vehicles,3.0,3.0,3.0
SU-122,USSR,Ground_vehicles,2.7,3.0,3.0
SU-76M,USSR,Ground_vehicles,2.7,2.3,2.3
SU-76M_(5th_Gv.Kav.Corps),USSR,Ground_vehicles,2.7,2.3,2.3
SU-76M_(China),China,Ground_vehicles,2.7,2.3,2.3
SU-85A,USSR,Ground_vehicles,4.0,4.0,4.0
T_34_747_(r)_(Germany),Germany,Ground_vehicles,4.0,4.0,4.0
T-28,USSR,Ground_vehicles,2.0,2.0,2.0
T-28E,USSR,Ground_vehicles,2.7,2.7,2.7
T-34_(1940),USSR,Ground_vehicles,3.3,3.3,2.7
T-34_(1941),USSR,Ground_vehicles,3.7,3.7,3.7
T-34_(1942),USSR,Ground_vehicles,3.7,3.7,3.7
T-34_(1943)_(China),China,Ground_vehicles,3.7,3.7,3.7
T-34_(1st_Gv.T.Br.),USSR,Ground_vehicles,3.7,3.7,3.7
T-34_(Prototype),USSR,Ground_vehicles,3.3,3.3,2.7
T-34E,USSR,Ground_vehicles,4.0,4.0,3.7
T-34E_STZ,USSR,Ground_vehicles,4.0,4.0,3.7
T-80,USSR,Ground_vehicles,2.0,2.3,2.3
T14,USA,Ground_vehicles,4.3,4.3,4.3
T18E2,USA,Ground_vehicles,3.0,3.0,3.0
Ta-Se,Japan,Ground_vehicles,1.7,1.7,1.7
Valentine_Mk_IX,Britain,Ground_vehicles,3.3,3.0,3.0
Valentine_Mk_XI,Britain,Ground_vehicles,3.0,3.0,3.0
ZiS-12_(94-KM),USSR,Ground_vehicles,3.7,3.3,3.3
ZiS-30,USSR,Ground_vehicles,2.7,2.3,2.3
ZUT-37,USSR,Ground_vehicles,2.7,2.7,3.0
105/25_M43,Italy,Ground_vehicles,3.0,3.0,3.0
75/34_M43,Italy,Ground_vehicles,3.3,3.3,3.3
75/46_M43,Italy,Ground_vehicles,4.3,4.3,4.3
A.C.IV,Britain,Ground_vehicles,5.3,5.3,5.3
Achilles,Britain,Ground_vehicles,4.0,4.0,4.0
Achilles_(65_Rg.),Britain,Ground_vehicles,4.0,4.0,4.0
AMX-13_(FL11),France,Ground_vehicles,3.3,3.3,3.3
ARL-44,France,Ground_vehicles,5.7,5.7,5.7
ARL-44_(ACL-1),France,Ground_vehicles,4.0,4.0,4.0
ASU-57,USSR,Ground_vehicles,4.0,4.3,4.3
Avenger,Britain,Ground_vehicles,4.7,4.7,4.7
Breda_501,Italy,Ground_vehicles,4.0,4.0,4.0
Brummbar,Germany,Ground_vehicles,4.7,4.7,4.7
Calliope,USA,Ground_vehicles,4.3,4.3,4.3
CCKW_353_AA,France,Ground_vehicles,3.0,3.0,3.0
Challenger,Britain,Ground_vehicles,5.3,5.3,5.3
Chi-Nu_II,Japan,Ground_vehicles,3.7,3.7,3.7
Chi-Ri_II,Japan,Ground_vehicles,5.0,5.0,5.0
Chi-To,Japan,Ground_vehicles,4.3,4.3,4.3
Chi-To_Late,Japan,Ground_vehicles,4.7,4.7,4.7
Churchill_Mk_III,Britain,Ground_vehicles,4.0,4.0,4.0
Churchill_Mk_VII,Britain,Ground_vehicles,4.7,4.7,4.7
Cobra_King,USA,Ground_vehicles,5.0,5.0,5.0
Comet_I,Britain,Ground_vehicles,5.0,5.0,5.0
Crusader_AA_Mk_II,Britain,Ground_vehicles,3.7,3.7,3.7
Dicker_Max,Germany,Ground_vehicles,4.7,4.3,4.3
Ersatz_M10,Germany,Ground_vehicles,5.7,5.7,5.7
Excelsior,Britain,Ground_vehicles,4.0,4.0,4.0
Heavy_Tank_No.6_(Japan),Japan,Ground_vehicles,5.7,5.7,5.7
Iron_Duke_IV,Britain,Ground_vehicles,5.0,5.0,5.0
IS-1,USSR,Ground_vehicles,5.3,5.3,5.3
ISU-152_(China),China,Ground_vehicles,5.3,5.3,5.3
Jagdpanzer_38(t),Germany,Ground_vehicles,4.7,4.3,4.3
Jagdpanzer_IV,Germany,Ground_vehicles,4.7,4.7,4.7
KV_I_C_756_(r)_(Germany),Germany,Ground_vehicles,4.7,4.7,4.7
KV_II_754_(r)_(Germany),Germany,Ground_vehicles,4.3,4.3,4.3
KV-1_(ZiS-5),USSR,Ground_vehicles,4.7,4.3,4.3
KV-1E,USSR,Ground_vehicles,4.3,4.0,4.3
KV-2_(1939),USSR,Ground_vehicles,4.3,4.3,4.3
KV-2_(1940),USSR,Ground_vehicles,4.3,4.3,4.3
KV-2_(ZiS-6),USSR,Ground_vehicles,5.0,5.0,5.0
KV-220,USSR,Ground_vehicles,5.7,5.7,5.7
KV-85,USSR,Ground_vehicles,5.3,5.0,5.3
KV-IB_(Germany),Germany,Ground_vehicles,4.3,4.0,4.3
Lorraine_155_Mle.50,France,Ground_vehicles,4.3,4.3,4.3
M15A1_CGMC,USA,Ground_vehicles,3.3,3.3,3.3
M18_%22Black_Cat%22,USA,Ground_vehicles,4.7,5.3,4.7
M18_(China),China,Ground_vehicles,4.7,5.3,4.7
M18_GMC,USA,Ground_vehicles,4.7,5.3,4.7
M24,USA,Ground_vehicles,3.3,3.3,3.3
M24_(Japan),Japan,Ground_vehicles,3.3,3.3,3.3
M24_(TL),USA,Ground_vehicles,3.3,3.3,3.3
M4_Tipo_IC,Italy,Ground_vehicles,4.7,4.7,4.7
M43_%22G.C.Leoncello%22,Italy,Ground_vehicles,3.0,3.0,3.0
M4A1_(75)_W_(China),China,Ground_vehicles,4.0,4.0,4.0
M4A1_(76)_W,USA,Ground_vehicles,5.0,4.7,4.7
M4A1_(FL10),France,Ground_vehicles,4.7,4.7,4.7
M4A2,USA,Ground_vehicles,4.0,3.7,3.7
M4A2_(76)_W,USA,Ground_vehicles,5.0,5.0,5.0
M4A2_(USSR),USSR,Ground_vehicles,5.0,5.0,5.0
M4A3_(76)_W_(Japan),Japan,Ground_vehicles,5.3,5.3,5.3
M4A3E2,USA,Ground_vehicles,5.0,5.0,5.0
M4A3E2_(France),France,Ground_vehicles,5.0,5.0,5.0
M4A4_(SA50),France,Ground_vehicles,4.7,4.7,4.7
M6A1,USA,Ground_vehicles,4.7,4.7,4.7
Na-To,Japan,Ground_vehicles,3.3,3.3,3.3
Nashorn,Germany,Ground_vehicles,5.3,5.3,5.3
Ostwind,Germany,Ground_vehicles,4.7,4.7,4.7
Panther_D,Germany,Ground_vehicles,5.7,5.7,5.7
Panzer_IV/70(A),Germany,Ground_vehicles,5.0,5.0,5.0
Panzer_IV/70(V),Germany,Ground_vehicles,5.3,5.3,5.3
PT-76_(China),China,Ground_vehicles,5.3,5.3,5.3
Pz.Bfw.IV,Germany,Ground_vehicles,4.3,4.0,4.0
Pz.IV_G,Germany,Ground_vehicles,4.3,4.0,4.0
Pz.IV_H,Germany,Ground_vehicles,4.7,4.3,4.3
Pz.IV_J,Germany,Ground_vehicles,4.3,4.0,4.0
Pz.Kpfw._Churchill_(Germany),Germany,Ground_vehicles,4.0,4.0,4.0
QF_3.7_Ram,Britain,Ground_vehicles,5.0,5.0,5.0
R3_T20_FA-HS,Italy,Ground_vehicles,3.7,3.7,3.7
Sherman_Firefly,Britain,Ground_vehicles,4.7,4.7,4.7
Sherman_IC_%22Trzyniec%22,Britain,Ground_vehicles,4.7,4.7,4.7
So-Ki,Japan,Ground_vehicles,3.3,3.3,3.3
Sturer_Emil,Germany,Ground_vehicles,5.0,5.0,5.0
SU-100Y,USSR,Ground_vehicles,5.3,5.3,5.3
SU-152,USSR,Ground_vehicles,5.0,5.0,5.0
SU-57B,USSR,Ground_vehicles,3.3,3.3,3.3
SU-85,USSR,Ground_vehicles,4.3,4.3,4.3
SU-85M,USSR,Ground_vehicles,5.3,5.3,5.7
T-34-57,USSR,Ground_vehicles,4.0,4.3,4.3
T-34-57_(1943),USSR,Ground_vehicles,4.3,4.3,4.3
T-34-85_(D-5T),USSR,Ground_vehicles,5.3,5.3,5.3
T-34-85_(S-53)_(China),China,Ground_vehicles,5.7,5.7,5.7
T-34-85_Gai,China,Ground_vehicles,5.7,5.7,5.7
T-V_(USSR),USSR,Ground_vehicles,5.7,5.7,5.7
T20,USA,Ground_vehicles,5.3,5.3,5.3
Tiger_(Germany),Germany,Ground_vehicles,5.3,5.3,5.3
Tiger_E,Germany,Ground_vehicles,5.7,5.7,5.7
Tiger_H1,Germany,Ground_vehicles,5.3,5.3,5.3
Type_65,China,Ground_vehicles,5.3,5.3,5.3
Type_65_(USSR),USSR,Ground_vehicles,5.3,5.3,5.3
VFW,Germany,Ground_vehicles,5.7,5.7,5.7
VK_45.01_(P),Germany,Ground_vehicles,5.3,5.3,5.3
Wirbelwind,Germany,Ground_vehicles,3.7,3.7,3.7
YaG-10_(29-K),USSR,Ground_vehicles,3.7,3.7,3.7
ZiS-43,USSR,Ground_vehicles,4.0,4.0,4.0
%E2%80%9CRacing%E2%80%9D_M18,USA,Ground_vehicles,4.7,5.0,4.7
AML-90,France,Ground_vehicles,6.7,6.7,6.7
AMX_M4,France,Ground_vehicles,6.7,6.7,6.7
AMX-13,France,Ground_vehicles,6.0,6.3,6.3
AMX-13_(SS.11),France,Ground_vehicles,6.7,6.7,6.7
AMX-13_DCA_40,France,Ground_vehicles,4.7,4.7,4.7
AMX-50,France,Ground_vehicles,7.0,7.0,7.0
ASU-85,USSR,Ground_vehicles,6.3,6.3,6.3
AUBL/74,Italy,Ground_vehicles,6.7,6.7,6.7
Bfw._Jagdpanther,Germany,Ground_vehicles,6.3,6.3,6.7
Black_Prince,Britain,Ground_vehicles,6.0,6.0,5.7
CA_Lorraine,France,Ground_vehicles,6.3,6.3,6.3
Caernarvon,Britain,Ground_vehicles,6.7,6.7,6.3
Centurion_Action_X,Britain,Ground_vehicles,6.7,6.7,6.7
Centurion_Mk_1,Britain,Ground_vehicles,5.7,5.7,5.7
Centurion_Mk_3,Britain,Ground_vehicles,6.7,6.7,6.7
Char_25t,France,Ground_vehicles,6.7,6.7,6.7
Charioteer_Mk_VII,Britain,Ground_vehicles,5.7,6.3,6.0
Crusader_AA_Mk_I,Britain,Ground_vehicles,4.7,4.7,4.7
Ferdinand,Germany,Ground_vehicles,7.0,6.3,6.7
FIAT_6614,Italy,Ground_vehicles,6.3,6.3,6.3
Flakpanzer_341,Germany,Ground_vehicles,6.7,6.7,6.7
FV4005,Britain,Ground_vehicles,6.7,6.7,6.7
FV4202,Britain,Ground_vehicles,6.7,6.7,6.7
Ho-Ri_Production,Japan,Ground_vehicles,7.0,7.0,7.0
Ho-Ri_Prototype,Japan,Ground_vehicles,6.0,6.0,6.0
IS-2,USSR,Ground_vehicles,5.7,5.7,5.7
IS-2_%22Revenge%22,USSR,Ground_vehicles,6.3,6.3,6.3
IS-2_(1944),USSR,Ground_vehicles,6.3,6.3,6.3
IS-2_(China),China,Ground_vehicles,5.7,5.7,5.7
IS-2_mod.1944_(China),China,Ground_vehicles,6.3,6.3,6.3
IS-2_No.402,China,Ground_vehicles,5.7,5.7,5.7
IS-6,USSR,Ground_vehicles,7.3,7.3,7.3
ISU-122,USSR,Ground_vehicles,5.3,5.3,5.3
ISU-122_(China),China,Ground_vehicles,5.3,5.3,5.3
ISU-122S,USSR,Ground_vehicles,5.7,5.7,5.7
ISU-152,USSR,Ground_vehicles,5.3,5.3,5.3
Jagdpanther,Germany,Ground_vehicles,6.3,6.3,6.7
KV-122,USSR,Ground_vehicles,5.7,5.7,6.0
LeKPz_M41,Germany,Ground_vehicles,6.7,6.7,6.7
Lorraine_40t,France,Ground_vehicles,7.0,7.3,7.3
M19,USA,Ground_vehicles,5.0,5.0,5.0
M26,USA,Ground_vehicles,6.3,6.3,6.3
M26_%22D.C.Ariete%22,Italy,Ground_vehicles,6.3,6.3,6.3
M26_T99,USA,Ground_vehicles,6.3,6.3,6.3
M26A1,Italy,Ground_vehicles,6.3,6.3,6.3
M26E1,USA,Ground_vehicles,6.7,6.7,6.3
M36_(China),China,Ground_vehicles,5.7,5.7,5.7
M36_GMC,USA,Ground_vehicles,5.7,5.7,5.7
M36B1,Italy,Ground_vehicles,6.3,6.0,6.0
M41A1,USA,Ground_vehicles,6.0,6.0,6.0
M41A1_(Japan),Japan,Ground_vehicles,6.0,6.0,6.0
M42_(China),China,Ground_vehicles,6.3,6.7,6.7
M42_(Japan),Japan,Ground_vehicles,6.3,6.7,6.7
M46_%22Tiger%22,USA,Ground_vehicles,7.0,7.0,6.7
M4A3_(76)_W,USA,Ground_vehicles,5.3,5.3,5.3
M4A3E2_(76)_W,USA,Ground_vehicles,6.0,6.0,6.0
M56,USA,Ground_vehicles,6.3,6.7,6.7
Ostwind_II,Germany,Ground_vehicles,5.7,5.7,5.7
Panther_A,Germany,Ground_vehicles,5.7,5.7,5.7
Panther_F,Germany,Ground_vehicles,6.0,6.0,6.7
Panther_G,Germany,Ground_vehicles,6.0,6.0,6.0
Panther_II,Germany,Ground_vehicles,7.0,6.7,6.7
Panther_%C2%ABDauphine%C2%BB,France,Ground_vehicles,5.7,5.7,5.7
PT-76B,USSR,Ground_vehicles,5.3,5.3,5.3
Pz.Bef.Wg.VI_P,Germany,Ground_vehicles,5.7,5.7,5.7
Ru_251,Germany,Ground_vehicles,6.7,6.7,6.7
ST-A1,Japan,Ground_vehicles,6.3,6.3,6.3
ST-A2,Japan,Ground_vehicles,6.3,6.3,6.3
Strv_81_(RB_52),Britain,Ground_vehicles,6.7,6.7,6.3
SU-100,USSR,Ground_vehicles,6.3,6.3,6.7
SU-100_(China),China,Ground_vehicles,6.3,6.3,6.7
SU-100P,USSR,Ground_vehicles,6.7,6.7,6.7
SU-122P,USSR,Ground_vehicles,6.3,6.3,6.7
Super_Hellcat,USA,Ground_vehicles,6.3,6.3,6.3
T-34-100,USSR,Ground_vehicles,6.7,6.7,6.7
T-34-85,USSR,Ground_vehicles,5.7,5.7,5.7
T-34-85_No.215,China,Ground_vehicles,5.7,5.7,5.7
T-34-85E,USSR,Ground_vehicles,5.7,5.7,5.7
T-44,USSR,Ground_vehicles,6.3,6.3,6.7
T-44-100,USSR,Ground_vehicles,7.0,7.0,7.0
T-44-122,USSR,Ground_vehicles,6.3,6.3,6.3
T25,USA,Ground_vehicles,6.0,5.7,6.0
T26E1-1,USA,Ground_vehicles,6.3,6.3,6.3
T28,USA,Ground_vehicles,6.7,6.3,6.7
T29,USA,Ground_vehicles,7.0,6.7,6.7
T30,USA,Ground_vehicles,6.7,6.7,6.7
T34,USA,Ground_vehicles,7.0,6.7,6.7
T92,USA,Ground_vehicles,6.7,6.7,6.7
Tiger_II_(H),Germany,Ground_vehicles,6.7,6.7,6.7
Tiger_II_(H)_Sla.16,Germany,Ground_vehicles,6.7,6.7,6.7
Tiger_II_(P),Germany,Ground_vehicles,6.3,6.3,6.7
Tortoise,Britain,Ground_vehicles,6.7,6.7,6.3
Type_60_SPRG_(C),Japan,Ground_vehicles,6.7,6.7,6.7
Type_61,Japan,Ground_vehicles,6.7,6.7,6.7
Type_62,China,Ground_vehicles,6.7,6.7,6.7
Type_62_(USSR),USSR,Ground_vehicles,6.7,6.7,6.7
Type_63-I,China,Ground_vehicles,6.3,6.3,6.3
Waffentrager,Germany,Ground_vehicles,5.7,5.7,5.7
ZSU-37,USSR,Ground_vehicles,4.7,4.7,4.7
AMX_50_Surblinde,France,Ground_vehicles,8.0,8.0,8.0
AMX-13-90,France,Ground_vehicles,7.0,7.0,7.0
AMX-30,France,Ground_vehicles,7.7,7.7,7.7
AMX-30_(1972),France,Ground_vehicles,7.7,7.7,7.7
AMX-30_DCA,France,Ground_vehicles,8.0,8.0,8.0
AMX-50_Foch,France,Ground_vehicles,7.3,7.3,7.3
AMX-50_Surbaisse,France,Ground_vehicles,8.0,8.0,8.0
AUBL/74_HVG,Italy,Ground_vehicles,8.0,8.0,8.0
BMP-1,USSR,Ground_vehicles,7.3,7.3,7.3
Centauro,Italy,Ground_vehicles,8.0,8.0,8.0
Centurion_Mk_10,Britain,Ground_vehicles,7.0,7.3,7.0
Centurion_Mk.5_AVRE,Britain,Ground_vehicles,7.0,7.0,7.0
Conqueror,Britain,Ground_vehicles,7.7,7.3,7.7
Conway,Britain,Ground_vehicles,7.0,7.0,7.0
E-100,Germany,Ground_vehicles,8.0,7.7,7.7
Falcon,Britain,Ground_vehicles,7.3,7.3,7.3
IS-3,USSR,Ground_vehicles,7.3,7.3,7.7
IS-4M,USSR,Ground_vehicles,7.7,7.7,7.7
IS-7,USSR,Ground_vehicles,8.3,8.3,8.3
Jagdtiger,Germany,Ground_vehicles,7.3,6.7,6.7
JPz_4-5,Germany,Ground_vehicles,6.7,6.7,6.7
Kugelblitz,Germany,Ground_vehicles,6.7,6.7,6.7
Leopard_I,Germany,Ground_vehicles,7.3,7.7,7.7
M103,USA,Ground_vehicles,7.7,7.7,7.7
M113A1_(TOW),Italy,Ground_vehicles,8.0,8.0,8.0
M113A1_(TOW)_(China),China,Ground_vehicles,8.0,8.0,8.0
M42,USA,Ground_vehicles,6.3,6.7,6.7
M46,USA,Ground_vehicles,7.0,7.0,6.7
M47,USA,Ground_vehicles,7.3,7.3,7.3
M47_(105/55),Italy,Ground_vehicles,7.7,7.7,7.7
M48A1,USA,Ground_vehicles,7.3,7.3,7.3
M48A1_(China),China,Ground_vehicles,7.3,7.3,7.3
M48A2_C,Germany,Ground_vehicles,7.3,7.3,7.3
M50,USA,Ground_vehicles,6.7,6.7,6.7
M60,USA,Ground_vehicles,7.7,7.7,7.7
M60A1_%22D.C.Ariete%22,Italy,Ground_vehicles,7.7,7.7,7.7
Magach_3_(USA),USA,Ground_vehicles,7.7,7.7,7.7
Maus,Germany,Ground_vehicles,8.0,7.7,7.7
MKPz_M47_G,Germany,Ground_vehicles,7.3,7.3,7.3
Object_120,USSR,Ground_vehicles,7.7,7.7,7.7
Object_268,USSR,Ground_vehicles,7.3,7.3,7.3
OF-40,Italy,Ground_vehicles,7.7,7.7,7.7
R3_T106_FA,Italy,Ground_vehicles,7.0,7.3,7.3
RakJPz_2,Germany,Ground_vehicles,7.7,7.7,7.7
SIDAM_25,Italy,Ground_vehicles,8.0,8.0,8.0
SPz_BMP-1,Germany,Ground_vehicles,7.3,7.3,7.3
STB-1,Japan,Ground_vehicles,7.7,7.7,7.7
Strv_103-0,Sweden,Ground_vehicles,7.3,7.3,7.3
SU-122-54,USSR,Ground_vehicles,7.0,7.0,7.0
T-54_(1947),USSR,Ground_vehicles,7.7,7.7,7.7
T-54_(1949),USSR,Ground_vehicles,7.7,7.7,7.7
T-54_(1951),USSR,Ground_vehicles,7.7,7.7,7.7
T114,USA,Ground_vehicles,6.7,6.7,6.7
T32,USA,Ground_vehicles,7.3,7.3,7.3
T32E1,USA,Ground_vehicles,7.7,7.7,7.7
T54E1,USA,Ground_vehicles,8.0,8.0,8.0
T95,USA,Ground_vehicles,7.0,7.0,7.0
Tiger_II_(10.5_cm_Kw.K),Germany,Ground_vehicles,7.0,6.7,6.7
Type_59,China,Ground_vehicles,8.0,8.0,8.0
Type_60_ATM,Japan,Ground_vehicles,7.0,7.0,7.0
Type_69,China,Ground_vehicles,8.0,8.0,8.0
Type_75_MLRS,Japan,Ground_vehicles,7.0,7.0,7.0
Type_75_SPH,Japan,Ground_vehicles,7.0,7.0,7.0
Vickers_MBT,Britain,Ground_vehicles,7.0,7.3,7.0
WZ305,China,Ground_vehicles,8.0,8.0,8.0
ZBD86,China,Ground_vehicles,7.3,7.3,7.3
ZSU-57-2,USSR,Ground_vehicles,7.7,7.7,7.7
AMX-10RC,France,Ground_vehicles,8.0,8.0,8.0
AMX-13_(HOT),France,Ground_vehicles,8.7,8.7,8.7
AMX-30_ACRA,France,Ground_vehicles,8.3,8.3,8.3
AMX-30_Super,France,Ground_vehicles,8.7,8.7,8.7
AMX-30B2,France,Ground_vehicles,8.3,8.3,8.3
AMX-30B2_BRENUS,France,Ground_vehicles,8.7,8.7,8.7
AMX-40,France,Ground_vehicles,9.7,9.7,9.7
Ariete_(P),Italy,Ground_vehicles,9.7,9.7,9.7
Begleitpanzer_57,Germany,Ground_vehicles,8.3,8.3,8.3
BMP-2,USSR,Ground_vehicles,8.3,8.3,8.3
Centauro_ROMOR,Italy,Ground_vehicles,9.7,9.3,9.3
Challenger_Mk.2,Britain,Ground_vehicles,9.7,9.7,9.7
Challenger_Mk.3,Britain,Ground_vehicles,9.7,9.7,9.7
Chieftain_Marksman,Britain,Ground_vehicles,8.0,8.0,8.0
Chieftain_Mk_10,Britain,Ground_vehicles,9.0,9.0,9.0
Chieftain_Mk_3,Britain,Ground_vehicles,8.7,8.3,8.3
Chieftain_Mk_5,Britain,Ground_vehicles,8.7,8.7,8.7
CM11,China,Ground_vehicles,9.7,9.3,9.3
Gepard,Germany,Ground_vehicles,8.0,8.0,8.0
IPM1,USA,Ground_vehicles,10.0,10.0,10.0
IT-1,USSR,Ground_vehicles,8.3,8.3,8.3
KPz-70,Germany,Ground_vehicles,9.0,9.0,9.0
Leopard_2A4,Germany,Ground_vehicles,10.0,10.0,10.0
Leopard_2K,Germany,Ground_vehicles,9.7,9.7,9.7
Leopard_A1A1,Germany,Ground_vehicles,8.7,8.7,8.7
Leopard_A1A1_(L/44),Germany,Ground_vehicles,8.7,8.7,8.7
M1_Abrams,USA,Ground_vehicles,10.0,10.0,10.0
M163,USA,Ground_vehicles,8.0,8.0,8.0
M247,USA,Ground_vehicles,8.0,8.0,8.0
M3_Bradley,USA,Ground_vehicles,8.0,8.0,8.0
M48A2_G_A2,Germany,Ground_vehicles,8.3,8.3,8.3
M551,USA,Ground_vehicles,8.3,8.3,8.3
M60A1_(AOS),USA,Ground_vehicles,8.3,8.3,8.3
M60A1_RISE_(P),USA,Ground_vehicles,8.7,8.7,8.7
M60A2,USA,Ground_vehicles,8.3,8.3,8.3
M60A3_TTS,USA,Ground_vehicles,9.3,9.3,9.3
M60A3_TTS_(China),China,Ground_vehicles,8.7,8.7,8.7
M901,USA,Ground_vehicles,8.0,8.0,8.0
MBT-70,USA,Ground_vehicles,9.0,9.0,9.0
Merkava_Mk.1_(USA),USA,Ground_vehicles,8.7,8.7,8.7
Merkava_Mk.2B_(USA),USA,Ground_vehicles,9.0,9.0,9.0
Object_906,USSR,Ground_vehicles,8.0,8.0,8.0
OF-40_(MTCA),Italy,Ground_vehicles,9.0,9.0,9.0
OF-40_Mk.2A,Italy,Ground_vehicles,8.7,8.7,8.7
OTOMATIC,Italy,Ground_vehicles,9.7,9.7,9.7
RakJPz_2_(HOT),Germany,Ground_vehicles,9.0,9.0,9.0
Rooikat_Mk.1D,Britain,Ground_vehicles,8.3,8.3,8.3
Sho%27t_Kal_Dalet_(Great_Britain),Britain,Ground_vehicles,8.7,8.3,8.3
Shturm-S,USSR,Ground_vehicles,9.3,9.3,9.3
Striker,Britain,Ground_vehicles,8.3,8.3,8.3
Swingfire,Britain,Ground_vehicles,7.7,7.7,7.7
T-10M,USSR,Ground_vehicles,8.3,8.3,8.3
T-55A,USSR,Ground_vehicles,8.3,8.3,8.3
T-55AM-1,USSR,Ground_vehicles,8.7,8.7,8.7
T-62,USSR,Ground_vehicles,8.3,8.3,8.3
T-62_545_(China),China,Ground_vehicles,8.3,8.3,8.3
T-62M-1,USSR,Ground_vehicles,9.0,9.0,9.0
T-64A_(1971),USSR,Ground_vehicles,9.3,9.3,9.3
T-64B,USSR,Ground_vehicles,9.7,9.7,9.7
T-72A,USSR,Ground_vehicles,9.3,9.3,9.3
T-80B,USSR,Ground_vehicles,10.0,10.0,10.0
T95E1,USA,Ground_vehicles,8.0,8.0,7.7
TAM,Germany,Ground_vehicles,8.7,8.7,8.7
Type_74,Japan,Ground_vehicles,8.7,8.7,8.7
Type_74G,Japan,Ground_vehicles,8.7,8.7,8.7
Type_87,Japan,Ground_vehicles,8.0,8.0,8.0
Type_89,Japan,Ground_vehicles,8.3,8.3,8.3
Vickers_Mk.7,Britain,Ground_vehicles,9.7,9.7,9.7
VT1-2,Germany,Ground_vehicles,8.3,8.3,8.3
Warrior,Britain,Ground_vehicles,8.0,8.0,8.0
XM-1_(Chrysler),USA,Ground_vehicles,9.0,9.0,9.0
XM-1_(GM),USA,Ground_vehicles,9.3,9.3,9.3
XM-803,USA,Ground_vehicles,9.0,9.0,9.0
ZSU-23-4,USSR,Ground_vehicles,8.0,8.0,8.0
ZTZ59D1,China,Ground_vehicles,9.0,8.7,8.7
ZTZ96,China,Ground_vehicles,9.7,9.7,9.7
ADATS,USA,Ground_vehicles,10.3,10.3,10.3
Ariete,Italy,Ground_vehicles,10.3,10.3,10.3
Ariete_PSO,Italy,Ground_vehicles,10.3,10.3,10.3
BMP-3,USSR,Ground_vehicles,9.0,9.0,9.0
Challenger_2,Britain,Ground_vehicles,10.3,10.3,10.3
FlaRakPz_1,Germany,Ground_vehicles,10.0,10.0,10.0
Leclerc,France,Ground_vehicles,10.3,10.3,10.3
Leopard_2A5,Germany,Ground_vehicles,10.3,10.3,10.3
M1A1_Abrams,USA,Ground_vehicles,10.3,10.3,10.3
M1A2_Abrams,USA,Ground_vehicles,10.3,10.3,10.3
Object_685,USSR,Ground_vehicles,9.0,9.0,9.0
Roland_1,France,Ground_vehicles,10.0,10.0,10.0
SIDAM_25_(Mistral),Italy,Ground_vehicles,10.0,10.0,10.0
Stormer_HVM,Britain,Ground_vehicles,10.0,10.0,10.0
T-80U,USSR,Ground_vehicles,10.3,10.3,10.3
Type_16,Japan,Ground_vehicles,9.7,9.3,9.3
Type_90,Japan,Ground_vehicles,10.0,10.0,10.0
Type_90_(B),Japan,Ground_vehicles,10.0,10.0,10.0
ZPRK_2S6,USSR,Ground_vehicles,10.3,10.3,10.3
110_ft_SC-497,USA,Fleet,2.0,2.0,2.0
165_ft_PC-451,USA,Fleet,2.0,2.0,2.0
165_ft_PC-466_Carmi,USA,Fleet,2.3,2.3,2.3
58_ft_PT-3,USA,Fleet,1.0,1.0,1.0
80_ft_Nasty,USA,Fleet,1.7,1.7,1.7
BMO,USSR,Fleet,2.3,2.3,2.3
D-3,USSR,Fleet,1.3,1.3,1.3
Dark_class_(FPB_1101),Britain,Fleet,2.0,2.0,2.0
Elco_77_ft_PT-20,USA,Fleet,1.7,1.7,1.7
Elco_80_ft_PT-103,USA,Fleet,2.0,2.0,2.0
Fairmile_A_(ML100),Britain,Fleet,1.7,1.7,1.7
Fairmile_B_(ML345),Britain,Fleet,2.0,2.0,2.0
Flower_class_(K-218),Britain,Fleet,2.3,2.3,2.3
G-5,USSR,Fleet,1.0,1.0,1.0
G-5_(ShVAK),USSR,Fleet,1.0,1.0,1.0
Ha-Go_Fighting_Boat_Model_1,Japan,Fleet,2.0,2.0,2.0
Higgins_78_ft_PT-71,USA,Fleet,1.7,1.7,1.7
Higgins_81_ft_PT-6,USA,Fleet,1.0,1.0,1.0
Isles_class_(T-285),Britain,Fleet,2.0,2.0,2.0
LS_3,Germany,Fleet,1.0,1.0,1.0
LS_4_Esau,Germany,Fleet,1.0,1.0,1.0
MGB-61,Britain,Fleet,1.7,1.7,1.7
MGB-75,Britain,Fleet,2.0,2.0,2.0
MO-4,USSR,Fleet,1.7,1.7,1.7
MPK_pr._122A,USSR,Fleet,2.0,2.0,2.0
MPK-163,USSR,Fleet,2.3,2.3,2.3
MTB-1_1_series,Britain,Fleet,1.0,1.0,1.0
MTB-1_2_series,Britain,Fleet,1.0,1.0,1.0
OD-200,USSR,Fleet,1.7,1.7,1.7
Pr._123bis,USSR,Fleet,1.7,1.7,1.7
Pr._123K_%22Komsomolets%22,USSR,Fleet,2.0,2.0,2.0
Pr._123K_(A-11),USSR,Fleet,2.0,2.0,1.0
R-boot_R-130,Germany,Fleet,1.7,1.7,1.7
R-boot_R-301,Germany,Fleet,2.3,2.3,2.3
R-boot_R-41,Germany,Fleet,1.7,1.7,1.7
S-38,Germany,Fleet,1.7,1.7,1.7
S-38b,Germany,Fleet,1.7,1.7,1.7
Soukou-Tei_(1927),Japan,Fleet,1.7,1.7,1.7
Soukou-Tei_(1940),Japan,Fleet,1.7,1.7,1.7
Type_4_Model_2,Japan,Fleet,1.7,1.7,1.7
Type_4_Model_4,Japan,Fleet,1.7,1.7,1.7
Type_5,Japan,Fleet,2.0,2.0,2.0
Type_K-3_/_No.1_Class,Japan,Fleet,2.3,2.3,2.3
Type_K-7_/_No.4_Class,Japan,Fleet,2.3,2.3,2.3
Type_T-1,Japan,Fleet,1.3,1.3,1.3
Type_T-14,Japan,Fleet,1.0,1.0,1.0
Type_T-14_(Mod._01),Japan,Fleet,1.0,1.0,1.0
Type_T-38,Japan,Fleet,1.3,1.3,1.3
Vosper_1_series,Britain,Fleet,1.3,1.3,1.3
Vosper_2_series,Britain,Fleet,1.7,1.7,1.7
Ya-5M,USSR,Fleet,1.3,1.3,1.3
89_ft_PT-810,USA,Fleet,3.7,3.7,3.7
94_ft_PT-811,USA,Fleet,3.7,3.7,3.7
AF_D1,Germany,Fleet,3.0,3.0,3.0
AF_D3,Germany,Fleet,3.0,3.0,3.0
Albatros-Klasse_(143),Germany,Fleet,4.0,4.0,4.0
Asheville_(PGM-84),USA,Fleet,4.0,4.0,4.0
Brave_class_(P1011),Britain,Fleet,3.3,3.3,3.3
Chikugo,Japan,Fleet,3.7,3.7,3.7
Dark_class_(FPB_1102),Britain,Fleet,2.3,2.3,2.3
Elco_77_ft_PT-59,USA,Fleet,3.0,3.0,3.0
Elco_80_ft_PT-109,USA,Fleet,2.0,2.0,2.0
Elco_80_ft_PT-314,USA,Fleet,2.7,2.7,2.7
Elco_80_ft_PT-556,USA,Fleet,3.0,3.0,3.0
Elco_80_ft_PT-565,USA,Fleet,3.0,3.0,3.0
Fairmile_C_(312),Britain,Fleet,2.7,2.7,2.7
Fairmile_C_(332),Britain,Fleet,3.3,3.3,3.3
Fairmile_D_(5001),Britain,Fleet,3.7,3.7,3.7
Fairmile_D_(601),Britain,Fleet,3.3,3.3,3.3
Fairmile_D_(617),Britain,Fleet,2.7,2.7,2.7
Fairmile_D_(697),Britain,Fleet,3.7,3.7,3.7
Groza,USSR,Fleet,3.7,3.7,3.7
Higgins_78_ft_PT-200,USA,Fleet,2.7,2.7,2.7
Isuzu,Japan,Fleet,4.0,4.0,4.0
Jaguar-Klasse_(140),Germany,Fleet,3.7,3.7,3.7
LCS(L)(3),USA,Fleet,4.0,4.0,4.0
MBK_pr.186,USSR,Fleet,3.0,3.0,3.0
MBK_pr.186_(MK_85),USSR,Fleet,3.0,3.0,3.0
MBK-161_(1943),USSR,Fleet,2.3,2.3,2.3
MBK-161_(1944),USSR,Fleet,3.0,3.0,3.0
MPK_Pr.122bis,USSR,Fleet,2.3,2.3,2.3
MZ1,Germany,Fleet,3.7,3.7,3.7
PG_02,Japan,Fleet,3.7,3.7,3.7
PGH-2,USA,Fleet,3.3,3.3,3.3
Pr._1204,USSR,Fleet,2.3,2.3,2.3
Pr._1204_late,USSR,Fleet,2.7,2.7,2.7
Pr._159,USSR,Fleet,4.0,4.0,4.0
Pr._206,USSR,Fleet,4.3,4.3,4.3
Pr._206M,USSR,Fleet,4.3,4.3,4.3
Pr.1124_(1940),USSR,Fleet,2.0,2.0,2.0
Pr.1124_(1945),USSR,Fleet,2.3,2.3,2.3
Pr.1124_MLRS,USSR,Fleet,2.3,2.3,2.3
Pr.183,USSR,Fleet,3.3,3.3,3.3
Pr.191,USSR,Fleet,2.3,2.3,2.3
Pr.191M,USSR,Fleet,2.7,2.7,2.7
River_class_(K-246),Britain,Fleet,3.3,3.3,3.3
S-100_(1944),Germany,Fleet,2.7,2.7,2.7
S-100_(1945),Germany,Fleet,2.3,2.3,2.3
S-100_(S204),Germany,Fleet,2.7,2.7,2.7
SF40_Leichte,Germany,Fleet,2.7,2.7,2.7
SF40_Schwere,Germany,Fleet,2.7,2.7,2.7
SGB_(S304),Britain,Fleet,3.0,3.0,3.0
Syonan,Japan,Fleet,3.3,3.3,3.3
T-51b,Japan,Fleet,2.7,2.7,2.7
TS-Boot_Proj._206,Germany,Fleet,4.3,4.3,4.3
Type_11,Japan,Fleet,3.3,3.3,3.3
Type_K-8_(1944),Japan,Fleet,2.7,2.7,2.7
Type_M_1943,Germany,Fleet,3.3,3.3,3.3
VS-10,Germany,Fleet,3.0,3.0,3.0
VS-8_Schell_I,Germany,Fleet,3.0,3.0,3.0
Battle_(D14),Britain,Fleet,4.3,4.3,4.3
Battle_(D37),Britain,Fleet,4.3,4.3,4.3
Bennion_(DD-662),USA,Fleet,4.3,4.3,4.3
Clemson_(DD-213),USA,Fleet,3.7,3.7,3.7
Clemson_(DD-336),USA,Fleet,3.7,3.7,3.7
Clemson_(L45),Britain,Fleet,3.7,3.7,3.7
Cowell_(DD-547),USA,Fleet,4.3,4.3,4.3
Farragut_(DD-355),USA,Fleet,4.0,4.0,4.0
Fletcher_(DD-445),USA,Fleet,4.3,4.3,4.3
Frunze,USSR,Fleet,3.7,3.7,3.7
G-class_(H89),Britain,Fleet,4.0,4.0,4.0
Haida_(G63),Britain,Fleet,4.3,4.3,4.3
Hunt_(L71),Britain,Fleet,4.0,4.0,4.0
Hunt_(L79),Britain,Fleet,4.0,4.0,4.0
IJN_Akizuki,Japan,Fleet,4.7,4.7,4.7
IJN_Ayanami,Japan,Fleet,4.0,4.0,4.0
IJN_Kiyoshimo,Japan,Fleet,4.3,4.3,4.3
IJN_Mutsuki,Japan,Fleet,3.7,3.7,3.7
IJN_Yugumo,Japan,Fleet,4.3,4.3,4.3
IJN_Yuudachi,Japan,Fleet,4.0,4.0,4.0
K_class_(F37),Britain,Fleet,4.3,4.3,4.3
Kanonenboot_K-2,Germany,Fleet,3.7,3.7,3.7
Leningrad_(leader),USSR,Fleet,4.3,4.3,4.3
Moskva_(leader),USSR,Fleet,4.3,4.3,4.3
N_class_(G25),Britain,Fleet,4.3,4.3,4.3
Porter_(DD-356),USA,Fleet,4.3,4.3,4.3
Pr._30_Ognevoy,USSR,Fleet,4.0,4.0,4.0
Pr._35,USSR,Fleet,4.3,4.3,4.3
Pr._7U,USSR,Fleet,4.3,4.3,4.3
Pr._7U_Stroyny,USSR,Fleet,4.3,4.3,4.3
Somers_(DD-381),USA,Fleet,4.7,4.7,4.7
Sumner_(DD-692),USA,Fleet,4.7,4.7,4.7
Tashkent_(leader),USSR,Fleet,4.7,4.7,4.7
Tribal_(F75),Britain,Fleet,4.3,4.3,4.3
Type_1924_Jaguar,Germany,Fleet,3.7,3.7,3.7
Type_1924_Leopard,Germany,Fleet,3.7,3.7,3.7
Type_1934A_(1940),Germany,Fleet,4.3,4.3,4.3
Type_1934A_(1944),Germany,Fleet,4.0,4.0,4.0
Type_1936,Germany,Fleet,4.3,4.3,4.3
Type_1936A_(Mob),Germany,Fleet,4.7,4.7,4.7
Type_1936B,Germany,Fleet,4.3,4.3,4.3
Type_1939_(T22),Germany,Fleet,3.7,3.7,3.7
Type_1939_(T31),Germany,Fleet,3.7,3.7,3.7
USS_Phelps_(DD-360),USA,Fleet,4.3,4.3,4.3
Z20_Karl_Galster,Germany,Fleet,4.3,4.3,4.3
Admiral_Hipper,Germany,Fleet,5.7,5.7,5.7
Chapayev,USSR,Fleet,5.7,5.7,5.7
Emden,Germany,Fleet,5.0,5.0,5.0
HMNZS_Leander,Britain,Fleet,5.3,5.3,5.3
HMS_Arethusa,Britain,Fleet,5.0,5.0,5.0
HMS_Belfast,Britain,Fleet,5.7,5.7,5.7
HMS_Dido,Britain,Fleet,5.0,5.0,5.0
HMS_Enterprise,Britain,Fleet,5.0,5.0,5.0
HMS_Southampton,Britain,Fleet,5.7,5.7,5.7
HMS_Tiger,Britain,Fleet,5.7,5.7,5.7
IJN_Agano,Japan,Fleet,5.3,5.3,5.3
IJN_Kuma,Japan,Fleet,5.0,5.0,5.0
IJN_Sendai,Japan,Fleet,5.0,5.0,5.0
IJN_Suzuya,Japan,Fleet,5.7,5.7,5.7
Kirov,USSR,Fleet,5.7,5.7,5.7
Krasny_Kavkaz,USSR,Fleet,5.0,5.0,5.0
Krasny_Krym,USSR,Fleet,5.3,5.3,5.3
K%C3%B6ln,Germany,Fleet,5.3,5.3,5.3
N%C3%BCrnberg,Germany,Fleet,5.7,5.7,5.7
Prinz_Eugen,Germany,Fleet,5.7,5.7,5.7
USS_Atlanta_(CL-51),USA,Fleet,5.3,5.3,5.3
USS_Brooklyn_(CL-40),USA,Fleet,5.7,5.7,5.7
USS_Helena_(CL-50),USA,Fleet,5.7,5.7,5.7
USS_Raleigh_(CL-7),USA,Fleet,5.3,5.3,5.3
USS_Trenton_(CL-11),USA,Fleet,5.0,5.0,5.0
Admiral_Graf_Spee,Germany,Fleet,5.7,5.7,5.7
HMS_Hawkins_(D86),Britain,Fleet,5.7,5.7,5.7
IJN_Furutaka,Japan,Fleet,5.7,5.7,5.7
IJN_Kako,Japan,Fleet,5.3,5.3,5.3
IJN_Mogami,Japan,Fleet,5.7,5.7,5.7
USS_Pensacola_(CA-24),USA,Fleet,5.7,5.7,5.7
AH-1G,USA,Helicopters,8.3,8.0,8.0
AH-1S_Kisarazu,Japan,Helicopters,9.7,9.7,9.7
BO_105_CB-2,Germany,Helicopters,9.7,9.7,9.7
H-34,USA,Helicopters,8.3,8.3,8.3
H-34_(France),France,Helicopters,8.3,8.3,8.3
IAR_316B,France,Helicopters,9.3,9.3,9.3
Mi-24A,USSR,Helicopters,9.0,9.0,9.0
Mi-24D_(USSR),USSR,Helicopters,9.3,9.3,9.3
Mi-4AV,USSR,Helicopters,8.3,8.3,8.3
SA.313B_Alouette_II,France,Helicopters,8.7,8.7,8.7
SA.313B_Alouette_II_(Germany),Germany,Helicopters,8.7,8.7,8.7
SA.316B_Alouette_III,France,Helicopters,9.0,9.0,9.0
Scout_AH.Mk.1,Britain,Helicopters,8.7,8.7,8.7
UH-1B,USA,Helicopters,8.7,8.7,8.7
UH-1C,USA,Helicopters,9.3,9.3,9.3
UH-1C_XM-30,USA,Helicopters,9.3,9.3,9.3
UH-1D_(Germany),Germany,Helicopters,9.3,9.3,9.3
Wasp_HAS.Mk.1,Britain,Helicopters,8.7,8.7,8.7
A-129_International,Italy,Helicopters,9.7,9.7,9.7
AH-1F,USA,Helicopters,9.7,9.7,9.7
BO_105_PAH-1,Germany,Helicopters,9.7,9.7,9.7
BO_105_PAH-1A1,Germany,Helicopters,9.7,9.7,9.7
EC-665_Tiger_HAP,France,Helicopters,10.0,10.0,10.0
G-LYNX,Britain,Helicopters,9.7,9.7,9.7
Ka-50,USSR,Helicopters,10.0,10.0,10.0
Lynx_AH.Mk.1,Britain,Helicopters,9.7,9.7,9.7
Mi-24P,USSR,Helicopters,9.7,9.7,9.7
Mi-24P_(Germany),Germany,Helicopters,9.7,9.7,9.7
Mi-24P_HFS_80_(Germany),Germany,Helicopters,9.7,9.7,9.7
Mi-24V,USSR,Helicopters,9.7,9.7,9.7
Mi-35M,USSR,Helicopters,10.0,10.0,10.0
SA.341F_Gazelle,France,Helicopters,9.7,9.7,9.7
SA.342M_Gazelle,France,Helicopters,9.7,9.7,9.7
AH-1Z,USA,Helicopters,10.0,10.0,10.0
EC-665_Tiger_HAD,France,Helicopters,10.3,10.3,10.3
EC-665_Tiger_UHT,Germany,Helicopters,10.3,10.3,10.3
Mi-28N,USSR,Helicopters,10.3,10.3,10.3
